SACCO,Year,Cash & Cash Equivalent,Current Year's Surplus,Financial Investments,Gross Loan Portfolio,Net Loan Portfolio,Share Capital,Statutory Reserve,Total Assets,Total Deposit liabilities,Total Equity,Total Liabilities
ACUMEN SACCO,2007,0,0,0,0,0,0,0,0,0,0,0
ACUMEN SACCO,2008,0,0,0,0,0,0,0,0,0,0,0
ACUMEN SACCO,2009,0,0,0,0,0,0,0,0,0,0,0
ACUMEN SACCO,2010,0,0,0,0,0,0,0,0,0,0,0
ACUMEN SACCO,2011,0,0,0,0,0,0,0,0,0,0,0
ACUMEN SACCO,2012,0,0,0,0,0,0,0,0,0,0,0
ACUMEN SACCO,2013,0,0,0,0,0,0,0,0,0,0,0
ACUMEN SACCO,2014,0,0,0,0,0,0,0,0,0,0,0
ACUMEN SACCO,2015,0,0,0,0,0,0,0,0,0,0,0
ACUMEN SACCO,2016,0,0,0,0,0,0,0,0,0,0,0
ACUMEN SACCO,2017,0,0,0,0,0,0,0,0,0,0,0
ACUMEN SACCO,2018,0,0,0,0,0,0,0,0,0,0,0
ACUMEN SACCO,2019,10834463.0,710651.0,115855.0,247597572.0,246137216.0,17276340.0,5780960.0,269371213.0,221613427.0,33585269.0,235786131.0
ACUMEN SACCO,2020,60942575.0,17320.0,115855.0,238201976.4,216882732.4,18970134.0,5780960.03,293411678.0,257705275.6,35288951.22,258118396.6
ACUMEN SACCO,2021,56687339.0,15839579.0,115855.0,312279513.0,300860863.0,20674211.0,9745185.0,369437115.0,296337292.0,53706746.0,315730368.0
ACUMEN SACCO,2022,77254741.0,3103704.0,115855.0,322436385.0,307302543.7,29563201.0,10521111.0,403387182.7,320546208.0,63405036.0,339982145.0
ACUMEN SACCO,2023,0,0,0,0,0,0,0,0,0,0,0
DEFENCE SACCO,2007,0,0,0,0,0,0,0,0,0,0,0
DEFENCE SACCO,2008,0,0,0,0,0,0,0,0,0,0,0
DEFENCE SACCO,2009,0,0,0,0,0,0,0,0,0,0,0
DEFENCE SACCO,2010,0,0,0,0,0,0,0,0,0,0,0
DEFENCE SACCO,2011,0,0,0,0,0,0,0,0,0,0,0
DEFENCE SACCO,2012,0,0,0,0,0,0,0,0,0,0,0
DEFENCE SACCO,2013,0,0,0,0,0,0,0,0,0,0,0
DEFENCE SACCO,2014,0,0,0,0,0,0,0,0,0,0,0
DEFENCE SACCO,2015,0,0,0,0,0,0,0,0,0,0,0
DEFENCE SACCO,2016,0,0,0,0,0,0,0,0,0,0,0
DEFENCE SACCO,2017,0,0,0,0,0,0,0,0,0,0,0
DEFENCE SACCO,2018,0,0,0,0,0,0,0,0,0,0,0
DEFENCE SACCO,2019,0,0,0,0,0,0,0,0,0,0,0
DEFENCE SACCO,2020,375933615.0,0,10000000.0,67566895.0,67566895.0,43186838.0,2019789.0,459363957.0,291131418.0,50822603.0,408541355.0
DEFENCE SACCO,2021,583646239.0,27365868.0,10000000.0,552937724.5,552937724.5,73760486.0,9748670.0,1170868126.0,926931655.6,148240999.0,1022627125.0
DEFENCE SACCO,2022,426668934.0,83334060.0,51000000.0,1965911975.0,1919672589.0,337595002.0,35365874.0,3028635921.0,2286945407.0,521121779.0,2507514142.0
DEFENCE SACCO,2023,0,0,0,0,0,0,0,0,0,0,0
ECO-PILLAR SACCO,2007,0,0,0,0,0,0,0,0,0,0,0
ECO-PILLAR SACCO,2008,0,0,0,0,0,0,0,0,0,0,0
ECO-PILLAR SACCO,2009,0,0,0,0,0,0,0,0,0,0,0
ECO-PILLAR SACCO,2010,0,0,0,0,0,0,0,0,0,0,0
ECO-PILLAR SACCO,2011,0,0,0,0,0,0,0,0,0,0,0
ECO-PILLAR SACCO,2012,37828323.03,0,34475097.63,305479221.0,302428962.8,5118000.0,3504457.29,475383254.7,390076832.8,12431333.29,395927985.3
ECO-PILLAR SACCO,2013,34544012.54,12983415.26,40570790.18,195133811.9,191231135.7,30772489.69,6750311.1,507679004.7,404699761.3,70214495.19,461986452.3
ECO-PILLAR SACCO,2014,50299714,1628281,35208138,247127981,237111555,31942219,11367039,601249270,433795633,84979038,516270232
ECO-PILLAR SACCO,2015,33691747.55,2368855.943,33641898.25,258801812.0,251297076.0,33215877.0,14171538.0,735114995.9,493551220.4,95494661.57,639620334.2
ECO-PILLAR SACCO,2016,0,0,0,0,0,0,0,0,0,0,0
ECO-PILLAR SACCO,2017,85628932,494578,19385421,334089794,320811825,81732676,14171538,906802314,155928937,153458834,753343478
ECO-PILLAR SACCO,2018,113087357.7,7649720.8,147302824.6,318461829.0,301683860.0,91363015.0,16203968.8,1024315464.0,195253618.0,176931113.3,847384350.7
ECO-PILLAR SACCO,2019,79288657.0,7703731.45,148086488.1,406044412.3,383266443.3,93070824.7,18379901.7,1084850012.0,193212247.1,182967013.7,901882998.9
ECO-PILLAR SACCO,2020,102378017.5,8647446.55,149805094.6,471116856.9,441338887.9,93132731.6,20866763.35,1175256454.0,205834906.0,194155601.6,981100852.9
ECO-PILLAR SACCO,2021,145762949.0,12557478.0,149815748.0,529871512.0,493093543.0,96195922.0,24867132.0,1255024242.0,211484074.0,218910441.0,1036113797.0
ECO-PILLAR SACCO,2022,0,0,0,0,0,0,0,0,0,0,0
ECO-PILLAR SACCO,2023,0,0,0,0,0,0,0,0,0,0,0
EDIS SACCO,2007,0,0,0,0,0,0,0,0,0,0,0
EDIS SACCO,2008,0,0,0,0,0,0,0,0,0,0,0
EDIS SACCO,2009,0,0,0,0,0,0,0,0,0,0,0
EDIS SACCO,2010,0,0,0,0,0,0,0,0,0,0,0
EDIS SACCO,2011,0,0,0,0,0,0,0,0,0,0,0
EDIS SACCO,2012,0,0,0,0,0,0,0,0,0,0,0
EDIS SACCO,2013,0,0,0,0,0,0,0,0,0,0,0
EDIS SACCO,2014,0,0,0,0,0,0,0,0,0,0,0
EDIS SACCO,2015,0,0,0,0,0,0,0,0,0,0,0
EDIS SACCO,2016,0,0,0,0,0,0,0,0,0,0,0
EDIS SACCO,2017,0,0,0,0,0,0,0,0,0,0,0
EDIS SACCO,2018,0,0,0,0,0,0,0,0,0,0,0
EDIS SACCO,2019,0,0,0,0,0,0,0,0,0,0,0
EDIS SACCO,2020,0,0,0,0,0,0,0,0,0,0,0
EDIS SACCO,2021,0,0,0,0,0,0,0,0,0,0,0
EDIS SACCO,2022,9010955.0,4479585.0,106000.0,229615583.0,214255208.0,31724224.0,11528902.98,260823377.0,159948354.0,67503997.73,193319379.0
EDIS SACCO,2023,0,0,0,0,0,0,0,0,0,0,0
FORTITUDE SACCO,2007,0,0,0,0,0,0,0,0,0,0,0
FORTITUDE SACCO,2008,0,0,0,0,0,0,0,0,0,0,0
FORTITUDE SACCO,2009,0,0,0,0,0,0,0,0,0,0,0
FORTITUDE SACCO,2010,0,0,0,0,0,0,0,0,0,0,0
FORTITUDE SACCO,2011,0,0,0,0,0,0,0,0,0,0,0
FORTITUDE SACCO,2012,0,0,0,0,0,0,0,0,0,0,0
FORTITUDE SACCO,2013,21760113,2989793,17863697,320539200,312933438,8025378,6343633,409574162,296319708,28460078,381114083
FORTITUDE SACCO,2014,47930722,14740581,44310422,301762103,291789680,9759035,7743437,424339220,326128476,70781464,353557756
FORTITUDE SACCO,2015,64879933.08,65563828.1,44310422.19,309603490.2,299631067.1,9938535.45,6343633.0,463518894.0,363910285.4,94944699.39,369335582.1
FORTITUDE SACCO,2016,49119809.19,3277418.22,39760613.2,319615567.5,309643144.4,9938535.45,7743437.0,456370932.6,352811563.7,75269883.28,381100949.4
FORTITUDE SACCO,2017,36488011.02,5620043.16,39760613.2,320612193.3,310639770.2,10646681.28,7743437.0,436833618.5,346819826.0,78350880.05,352515020.1
FORTITUDE SACCO,2018,86995878.0,6923924.0,4228555.0,478678153.0,467465209.0,23206195.0,18296335.0,590186392.0,433315333.0,98714532.0,491471862.0
FORTITUDE SACCO,2019,44641958.0,4284090.0,58311419.0,546147164.0,529295686.0,25804603.0,21093281.0,659596375.0,486824375.0,108193691.0,551402683.0
FORTITUDE SACCO,2020,115558634.0,-2328833.0,4228556.0,613873373.0,589610625.0,27736726.0,22681088.0,728596193.7,539970780.0,111745308.0,620430195.0
FORTITUDE SACCO,2021,42382915.0,6331388.0,9688489.0,179994187.0,173408823.0,29601115.0,17385656.0,247636263.0,152858393.0,90495140.0,157141123.0
FORTITUDE SACCO,2022,0,0,0,0,0,0,0,0,0,0,0
FORTITUDE SACCO,2023,0,0,0,0,0,0,0,0,0,0,0
GOLDEN PILLAR SACCO,2007,0,0,0,0,0,0,0,0,0,0,0
GOLDEN PILLAR SACCO,2008,0,0,0,0,0,0,0,0,0,0,0
GOLDEN PILLAR SACCO,2009,0,0,0,0,0,0,0,0,0,0,0
GOLDEN PILLAR SACCO,2010,0,0,0,0,0,0,0,0,0,0,0
GOLDEN PILLAR SACCO,2011,0,0,0,0,0,0,0,0,0,0,0
GOLDEN PILLAR SACCO,2012,0,0,0,0,0,0,0,0,0,0,0
GOLDEN PILLAR SACCO,2013,21760113,2989793,17863697,320539200,312933438,8025378,6343633,409574162,296319708,28460078,381114083
GOLDEN PILLAR SACCO,2014,47930722,14740581,44310422,301762103,291789680,9759035,7743437,424339220,326128476,70781464,353557756
GOLDEN PILLAR SACCO,2015,64879933.08,65563828.1,44310422.19,309603490.2,299631067.1,9938535.45,6343633.0,463518894.0,363910285.4,94944699.39,369335582.1
GOLDEN PILLAR SACCO,2016,49119809.19,3277418.22,39760613.2,319615567.5,309643144.4,9938535.45,7743437.0,456370932.6,352811563.7,75269883.28,381100949.4
GOLDEN PILLAR SACCO,2017,36488011.02,5620043.16,39760613.2,320612193.3,310639770.2,10646681.28,7743437.0,436833618.5,346819826.0,78350880.05,352515020.1
GOLDEN PILLAR SACCO,2018,86995878.0,6923924.0,4228555.0,478678153.0,467465209.0,23206195.0,18296335.0,590186392.0,433315333.0,98714532.0,491471862.0
GOLDEN PILLAR SACCO,2019,44641958.0,4284090.0,58311419.0,546147164.0,529295686.0,25804603.0,21093281.0,659596375.0,486824375.0,108193691.0,551402683.0
GOLDEN PILLAR SACCO,2020,115558634.0,-2328833.0,4228556.0,613873373.0,589610625.0,27736726.0,22681088.0,728596193.7,539970780.0,111745308.0,620430195.0
GOLDEN PILLAR SACCO,2021,38250286.0,7080831.0,89398939.0,412658791.0,395822164.0,41285711.0,19638580.0,544819916.0,394840116.0,108760083.0,436059833.0
GOLDEN PILLAR SACCO,2022,27033549.0,6720816.0,102201939.0,458138358.0,437190223.0,56478514.0,22446815.0,594366525.0,426843091.0,133948793.0,460417735.0
GOLDEN PILLAR SACCO,2023,0,0,0,0,0,0,0,0,0,0,0
GOODFAITH SACCO,2007,0,0,0,0,0,0,0,0,0,0,0
GOODFAITH SACCO,2008,0,0,0,0,0,0,0,0,0,0,0
GOODFAITH SACCO,2009,0,0,0,0,0,0,0,0,0,0,0
GOODFAITH SACCO,2010,0,0,0,0,0,0,0,0,0,0,0
GOODFAITH SACCO,2011,0,0,0,0,0,0,0,0,0,0,0
GOODFAITH SACCO,2012,0,0,0,0,0,0,0,0,0,0,0
GOODFAITH SACCO,2013,0,0,0,0,0,0,0,0,0,0,0
GOODFAITH SACCO,2014,0,0,0,0,0,0,0,0,0,0,0
GOODFAITH SACCO,2015,0,0,0,0,0,0,0,0,0,0,0
GOODFAITH SACCO,2016,0,0,0,0,0,0,0,0,0,0,0
GOODFAITH SACCO,2017,0,0,0,0,0,0,0,0,0,0,0
GOODFAITH SACCO,2018,0,0,0,0,0,0,0,0,0,0,0
GOODFAITH SACCO,2019,0.0,0.0,0.0,0.0,0.0,0.0,0.0,0.0,0.0,0.0,0.0
GOODFAITH SACCO,2020,0.0,0.0,0.0,0.0,0.0,0.0,0.0,0.0,0.0,0.0,0.0
GOODFAITH SACCO,2021,19799397.0,0.0,25330.0,47572950.0,37252147.0,10271434.0,0.0,66045912.0,47580831.0,15603894.0,50442019.0
GOODFAITH SACCO,2022,20884959.0,0.0,24550.0,52516192.0,44088836.25,10720832.0,4030156.0,74532015.25,51641674.0,19350690.0,55181326.0
GOODFAITH SACCO,2023,16902420.89,2855717.0,24550.0,60320115.0,45612990.0,11245600.0,4210340.0,78895301.12,56120443.0,19842551.0,59052750.12
GOODWAY SACCO,2007,0,0,0,0,0,0,0,0,0,0,0
GOODWAY SACCO,2008,0,0,0,0,0,0,0,0,0,0,0
GOODWAY SACCO,2009,0,0,0,0,0,0,0,0,0,0,0
GOODWAY SACCO,2010,0,0,0,0,0,0,0,0,0,0,0
GOODWAY SACCO,2011,0,0,0,0,0,0,0,0,0,0,0
GOODWAY SACCO,2012,0,0,0,0,0,0,0,0,0,0,0
GOODWAY SACCO,2013,0,0,0,0,0,0,0,0,0,0,0
GOODWAY SACCO,2014,0,0,0,0,0,0,0,0,0,0,0
GOODWAY SACCO,2015,0,0,0,0,0,0,0,0,0,0,0
GOODWAY SACCO,2016,0,0,0,0,0,0,0,0,0,0,0
GOODWAY SACCO,2017,0,0,0,0,0,0,0,0,0,0,0
GOODWAY SACCO,2018,0,0,0,0,0,0,0,0,0,0,0
GOODWAY SACCO,2019,5913431.0,2763822.0,914790.0,35170961.0,34556455.0,11986229.0,2552633.0,45621444.0,19185646.0,21784320.0,23837124.0
GOODWAY SACCO,2020,8460800.0,1306803.0,1121325.0,35483959.0,34818647.0,11986229.0,2934091.0,49793828.0,23669977.0,23142108.0,26651721.0
GOODWAY SACCO,2021,7528330.0,853669.0,1811583.0,38088372.0,37148812.0,11986229.0,3104825.0,56660235.0,30511071.0,23368609.0,34068710.0
GOODWAY SACCO,2022,3906758.0,1171271.0,1825751.0,44270076.0,43353686.0,13324579.0,3404384.0,60579585.0,28679000.0,23404025.0,36872613.0
GOODWAY SACCO,2023,4254981.0,-1170167.0,0.0,39675444.0,39250917.0,13328478.0,478205.0,47562451.0,33372882.0,13961213.0,33601238.0
HAZINA SACCO,2007,0,0,0,0,0,0,0,0,0,0,0
HAZINA SACCO,2008,0,0,0,0,0,0,0,0,0,0,0
HAZINA SACCO,2009,0,0,0,0,0,0,0,0,0,0,0
HAZINA SACCO,2010,0,0,0,0,0,0,0,0,0,0,0
HAZINA SACCO,2011,0,0,0,0,0,0,0,0,0,0,0
HAZINA SACCO,2012,0,0,0,0,0,0,0,0,0,0,0
HAZINA SACCO,2013,0,0,0,0,0,0,0,0,0,0,0
HAZINA SACCO,2014,0,0,0,0,0,0,0,0,0,0,0
HAZINA SACCO,2015,0,0,0,0,0,0,0,0,0,0,0
HAZINA SACCO,2016,0,0,0,0,0,0,0,0,0,0,0
HAZINA SACCO,2017,0,0,0,0,0,0,0,0,0,0,0
HAZINA SACCO,2018,0,0,0,0,0,0,0,0,0,0,0
HAZINA SACCO,2019,448510967.0,805102590.0,205372217.0,7267006204.0,7126202308.0,506009469.0,329481214.0,8432323283.0,6290093029.0,1847566350.0,6584756933.0
HAZINA SACCO,2020,640432593.0,838620016.0,129569217.0,7725650490.0,7575178217.0,572267522.0,363225214.0,9144307882.0,6864888284.0,2050421795.0,7093886087.0
HAZINA SACCO,2021,1223803506.0,986508610.0,254495353.0,8368098735.0,8205091894.0,682755758.0,402945558.0,10470223736.0,7935970950.0,2342752943.0,8127470793.0
HAZINA SACCO,2022,1466423767.0,1113874103.0,277159335.0,9471061048.0,9286837211.0,800227998.0,447495522.0,11887605966.0,9183165337.0,2492028881.0,9395577085.0
HAZINA SACCO,2023,1518225934.0,1215622410.0,323178853.0,10879738103.0,10668024575.0,913546477.0,496120418.0,13380422968.0,10421787092.0,2758541745.0,10621881223.0
HOME BUSINESS SACCO,2007,0,0,0,0,0,0,0,0,0,0,0
HOME BUSINESS SACCO,2008,0,0,0,0,0,0,0,0,0,0,0
HOME BUSINESS SACCO,2009,0,0,0,0,0,0,0,0,0,0,0
HOME BUSINESS SACCO,2010,0,0,0,0,0,0,0,0,0,0,0
HOME BUSINESS SACCO,2011,0,0,0,0,0,0,0,0,0,0,0
HOME BUSINESS SACCO,2012,0,0,0,0,0,0,0,0,0,0,0
HOME BUSINESS SACCO,2013,0,0,0,0,0,0,0,0,0,0,0
HOME BUSINESS SACCO,2014,0,0,0,0,0,0,0,0,0,0,0
HOME BUSINESS SACCO,2015,0,0,0,0,0,0,0,0,0,0,0
HOME BUSINESS SACCO,2016,0,0,0,0,0,0,0,0,0,0,0
HOME BUSINESS SACCO,2017,0,0,0,0,0,0,0,0,0,0,0
HOME BUSINESS SACCO,2018,0,0,0,0,0,0,0,0,0,0,0
HOME BUSINESS SACCO,2019,448510967.0,805102590.0,205372217.0,7267006204.0,7126202308.0,506009469.0,329481214.0,8432323283.0,6290093029.0,1847566350.0,6584756933.0
HOME BUSINESS SACCO,2020,640432593.0,838620016.0,129569217.0,7725650490.0,7575178217.0,572267522.0,363225214.0,9144307882.0,6864888284.0,2050421795.0,7093886087.0
HOME BUSINESS SACCO,2021,1223803506.0,986508610.0,254495353.0,8368098735.0,8205091894.0,682755758.0,402945558.0,10470223736.0,7935970950.0,2342752943.0,8127470793.0
HOME BUSINESS SACCO,2022,1466423767.0,1113874103.0,277159335.0,9471061048.0,9286837211.0,800227998.0,447495522.0,11887605966.0,9183165337.0,2492028881.0,9395577085.0
HOME BUSINESS SACCO,2023,1518225934.0,1215622410.0,323178853.0,10879738103.0,10668024575.0,913546477.0,496120418.0,13380422968.0,10421787092.0,2758541745.0,10621881223.0
IG SACCO,2007,0,0,0,0,0,0,0,0,0,0,0
IG SACCO,2008,0,0,0,0,0,0,0,0,0,0,0
IG SACCO,2009,0,0,0,0,0,0,0,0,0,0,0
IG SACCO,2010,0,0,0,0,0,0,0,0,0,0,0
IG SACCO,2011,0,0,0,0,0,0,0,0,0,0,0
IG SACCO,2012,0,0,0,0,0,0,0,0,0,0,0
IG SACCO,2013,0,0,0,0,0,0,0,0,0,0,0
IG SACCO,2014,0,0,0,0,0,0,0,0,0,0,0
IG SACCO,2015,0,0,0,0,0,0,0,0,0,0,0
IG SACCO,2016,0,0,0,0,0,0,0,0,0,0,0
IG SACCO,2017,0,0,0,0,0,0,0,0,0,0,0
IG SACCO,2018,0,0,0,0,0,0,0,0,0,0,0
IG SACCO,2019,779458417.0,474738488.0,1521547182.0,6805841374.0,6368366021.0,808927629.0,628651036.0,9484832591.0,5329529382.0,3521479551.0,5963353040.0
IG SACCO,2020,2082265000.0,368214000.0,789087000.0,7274066000.0,6732078000.0,951549000.0,707922000.0,10478130000.0,5987418000.0,3820205000.0,6657925000.0
IG SACCO,2021,2779557254.0,53665158.0,577206451.0,7941611446.0,7446976736.0,1138732170.0,847099120.0,11690659106.0,6448131536.0,4501570284.0,7180939432.0
IG SACCO,2022,1471320000.0,689241000.0,1541829000.0,9515329000.0,9122098000.0,1305241000.0,984947000.0,12958024000.0,7044649000.0,5098680000.0,7859342000.0
IG SACCO,2023,0.0,0.0,0.0,0.0,0.0,0.0,0.0,0.0,0.0,0.0,0.0
IMARIKA SACCO,2007,0,0,0,0,0,0,0,0,0,0,0
IMARIKA SACCO,2008,0,0,0,0,0,0,0,0,0,0,0
IMARIKA SACCO,2009,0,0,0,0,0,0,0,0,0,0,0
IMARIKA SACCO,2010,0,0,0,0,0,0,0,0,0,0,0
IMARIKA SACCO,2011,0,0,0,0,0,0,0,0,0,0,0
IMARIKA SACCO,2012,0,0,0,0,0,0,0,0,0,0,0
IMARIKA SACCO,2013,0,0,0,0,0,0,0,0,0,0,0
IMARIKA SACCO,2014,0,0,0,0,0,0,0,0,0,0,0
IMARIKA SACCO,2015,0,0,0,0,0,0,0,0,0,0,0
IMARIKA SACCO,2016,0,0,0,0,0,0,0,0,0,0,0
IMARIKA SACCO,2017,0,0,0,0,0,0,0,0,0,0,0
IMARIKA SACCO,2018,0,0,0,0,0,0,0,0,0,0,0
IMARIKA SACCO,2019,19363224.0,357685310.0,412550000.0,7416940385.0,7034090878.0,488412000.0,312450000.0,9152783165.0,6523104882.0,1489522114.0,7663261051.0
IMARIKA SACCO,2020,893579487.0,398929049.0,455120000.0,8138168521.0,7712450110.0,554120000.0,385120000.0,9737422176.0,7102455102.0,1852595720.0,7884826456.0
IMARIKA SACCO,2021,753154463.0,446035664.0,495220000.0,8754220110.0,8311245660.0,632550000.0,452110000.0,10131847994.0,7650895221.0,2287004974.0,7844843020.0
IMARIKA SACCO,2022,903255082.0,486112000.0,545880000.0,9742715677.0,9259367894.0,715700250.0,512330000.0,10876432155.0,8241550112.0,2805068100.0,8071364055.0
IMARIKA SACCO,2023,1017417813.0,252410000.0,560110000.0,10210440000.0,9705369818.0,740115000.0,0,11452180000.0,8785420000.0,2950115000.0,8502065000.0
JAMII SACCO,2007,0,0,0,0,0,0,0,0,0,0,0
JAMII SACCO,2008,0,0,0,0,0,0,0,0,0,0,0
JAMII SACCO,2009,0,0,0,0,0,0,0,0,0,0,0
JAMII SACCO,2010,0,0,0,0,0,0,0,0,0,0,0
JAMII SACCO,2011,0,0,0,0,0,0,0,0,0,0,0
JAMII SACCO,2012,0,0,0,0,0,0,0,0,0,0,0
JAMII SACCO,2013,0,0,0,0,0,0,0,0,0,0,0
JAMII SACCO,2014,0,0,0,0,0,0,0,0,0,0,0
JAMII SACCO,2015,0,0,0,0,0,0,0,0,0,0,0
JAMII SACCO,2016,0,0,0,0,0,0,0,0,0,0,0
JAMII SACCO,2017,0,0,0,0,0,0,0,0,0,0,0
JAMII SACCO,2018,0,0,0,0,0,0,0,0,0,0,0
JAMII SACCO,2019,0.0,0.0,0.0,0.0,0.0,0.0,0.0,0.0,0.0,0.0,0.0
JAMII SACCO,2020,371352866.0,462063290.0,355548222.0,3556155701.0,3248349650.0,446959264.0,181817320.0,4662154303.0,3117070083.0,1173151332.0,3489002971.0
JAMII SACCO,2021,462253410.0,117708139.0,447346472.0,4318047024.0,3063015547.0,1091106575.0,181817320.0,5091966231.0,3748605103.0,1445452703.0,3646513528.0
JAMII SACCO,2022,962830488.0,341691000.0,122325438.0,4960112058.0,3705080581.0,535449040.0,281223963.0,5443177821.0,3658074923.0,1293503287.0,4149674534.0
JAMII SACCO,2023,855320110.0,85241105.0,125440000.0,4982550600.0,3721440000.0,545220300.0,281223963.0,5455210400.0,3682144210.0,1321440550.0,4133769850.0
JUMUIKA SACCO,2007,0,0,0,0,0,0,0,0,0,0,0
JUMUIKA SACCO,2008,0,0,0,0,0,0,0,0,0,0,0
JUMUIKA SACCO,2009,0,0,0,0,0,0,0,0,0,0,0
JUMUIKA SACCO,2010,0,0,0,0,0,0,0,0,0,0,0
JUMUIKA SACCO,2011,0,0,0,0,0,0,0,0,0,0,0
JUMUIKA SACCO,2012,0,0,0,0,0,0,0,0,0,0,0
JUMUIKA SACCO,2013,128444792,826227,23235649,103051094,100772491,3584500,35982721,320889783,186817277,94690118,226199663
JUMUIKA SACCO,2014,87766162,443685,23582539,111892686,108738343,9299642,37372631,272305757,170977491,83271952,189033804
JUMUIKA SACCO,2015,67219689,314479,24253235,157363020,153940147,10539885,37451251,285464131,170258234,79242155,206221976
JUMUIKA SACCO,2016,50284396,400110,23630498,167629119,163589556,11804277,37551278,301184793,174558061,77812316,223372477
JUMUIKA SACCO,2017,32611064.0,-7488336.0,18618897.0,131998608.4,123651759.4,13382089.0,37551279.0,239814485.4,129953634.0,70861578.0,168952908.0
JUMUIKA SACCO,2018,31216703.0,-21081681.0,18618897.3,136448447.0,117295757.0,13428596.0,37551279.0,220441088.3,129629740.0,49826404.0,170614685.0
JUMUIKA SACCO,2019,0,0,0,0,0,0,0,0,0,0,0
JUMUIKA SACCO,2020,36658413.0,9536032.0,14306941.0,98666631.0,611484.0,13598624.0,39935287.0,189713880.0,193557587.0,-45719370.0,235433249.0
JUMUIKA SACCO,2021,27628340.0,19203925.0,14306941.0,99799936.0,28896087.0,13598624.0,39935287.0,203285421.0,188019559.0,-26515445.0,229800864.0
JUMUIKA SACCO,2022,18898344.0,10625719.0,14356941.0,111434614.0,43501127.0,13824124.0,40022202.0,219787161.0,185174019.0,-15577310.0,235364473.0
JUMUIKA SACCO,2023,0,0,0,0,0,0,0,0,0,0,0
K-PILLAR SACCO,2007,0,0,0,0,0,0,0,0,0,0,0
K-PILLAR SACCO,2008,0,0,0,0,0,0,0,0,0,0,0
K-PILLAR SACCO,2009,0,0,0,0,0,0,0,0,0,0,0
K-PILLAR SACCO,2010,0,0,0,0,0,0,0,0,0,0,0
K-PILLAR SACCO,2011,0,0,0,0,0,0,0,0,0,0,0
K-PILLAR SACCO,2012,0,0,0,0,0,0,0,0,0,0,0
K-PILLAR SACCO,2013,0,0,0,0,0,0,0,0,0,0,0
K-PILLAR SACCO,2014,0,0,0,0,0,0,0,0,0,0,0
K-PILLAR SACCO,2015,0,0,0,0,0,0,0,0,0,0,0
K-PILLAR SACCO,2016,0,0,0,0,0,0,0,0,0,0,0
K-PILLAR SACCO,2017,0,0,0,0,0,0,0,0,0,0,0
K-PILLAR SACCO,2018,0,0,0,0,0,0,0,0,0,0,0
K-PILLAR SACCO,2019,19363224.0,3541956.0,472260.0,112905266.0,112905266.0,0,531274.0,151015729.0,128604214.0,15259572.0,135756157.0
K-PILLAR SACCO,2020,193574959.0,25980648.0,4306550.0,664592356.0,560836016.0,0,59776350.0,773058894.0,417162829.0,322384806.0,450674088.0
K-PILLAR SACCO,2021,111409082.0,10583667.0,4606550.0,792589211.0,639021260.0,0,63687236.0,768849005.0,357230710.0,353091533.0,415757471.0
K-PILLAR SACCO,2022,175369190.0,23494162.0,4702814.0,910801986.0,699504518.0,0,71623886.0,902893814.0,410191266.0,405970904.0,496922909.0
K-PILLAR SACCO,2023,0,0,0,0,0,0,0,0,0,0,0
KENYA ACHIEVAS SACCO,2007,0,0,0,0,0,0,0,0,0,0,0
KENYA ACHIEVAS SACCO,2008,0,0,0,0,0,0,0,0,0,0,0
KENYA ACHIEVAS SACCO,2009,0,0,0,0,0,0,0,0,0,0,0
KENYA ACHIEVAS SACCO,2010,0,0,0,0,0,0,0,0,0,0,0
KENYA ACHIEVAS SACCO,2011,0,0,0,0,0,0,0,0,0,0,0
KENYA ACHIEVAS SACCO,2012,0,0,0,0,0,0,0,0,0,0,0
KENYA ACHIEVAS SACCO,2013,0,0,0,0,0,0,0,0,0,0,0
KENYA ACHIEVAS SACCO,2014,0,0,0,0,0,0,0,0,0,0,0
KENYA ACHIEVAS SACCO,2015,0,0,0,0,0,0,0,0,0,0,0
KENYA ACHIEVAS SACCO,2016,0,0,0,0,0,0,0,0,0,0,0
KENYA ACHIEVAS SACCO,2017,0,0,0,0,0,0,0,0,0,0,0
KENYA ACHIEVAS SACCO,2018,0,0,0,0,0,0,0,0,0,0,0
KENYA ACHIEVAS SACCO,2019,70985223.0,487234.0,44390000.0,181659593.0,174526543.0,37090876.0,10576101.0,412300818.8,194093679.0,105761017.0,306539801.8
KENYA ACHIEVAS SACCO,2020,38341912.77,5367586.27,83871738.59,146599270.0,119582723.6,118844476.4,8663255.0,392978893.5,161826693.2,171427377.9,221551515.5
KENYA ACHIEVAS SACCO,2021,28993165.31,11401373.05,58635118.87,174987267.9,148161380.4,125122050.1,8922657.0,390333251.0,159987193.8,184897762.7,205435488.3
KENYA ACHIEVAS SACCO,2022,52603285.81,0.0,47484117.43,362796441.4,323727897.1,67256355.38,16572514.97,453443496.0,277015576.8,164804805.7,288638690.4
KENYA ACHIEVAS SACCO,2023,33993917.77,13119960.5,39903530.86,230772846.5,203760744.4,139571307.9,9788098.0,421806711.8,183577223.7,203156911.7,218649800.1
KENYA BANKERS SACCO,2007,0,0,0,0,0,0,0,0,0,0,0
KENYA BANKERS SACCO,2008,0,0,0,0,0,0,0,0,0,0,0
KENYA BANKERS SACCO,2009,0,0,0,0,0,0,0,0,0,0,0
KENYA BANKERS SACCO,2010,0,0,0,0,0,0,0,0,0,0,0
KENYA BANKERS SACCO,2011,0,0,0,0,0,0,0,0,0,0,0
KENYA BANKERS SACCO,2012,0,0,0,0,0,0,0,0,0,0,0
KENYA BANKERS SACCO,2013,0,0,0,0,0,0,0,0,0,0,0
KENYA BANKERS SACCO,2014,0,0,0,0,0,0,0,0,0,0,0
KENYA BANKERS SACCO,2015,0,0,0,0,0,0,0,0,0,0,0
KENYA BANKERS SACCO,2016,0,0,0,0,0,0,0,0,0,0,0
KENYA BANKERS SACCO,2017,0,0,0,0,0,0,0,0,0,0,0
KENYA BANKERS SACCO,2018,0,0,0,0,0,0,0,0,0,0,0
KENYA BANKERS SACCO,2019,150200000.0,65000000.0,70000000.0,6200500000.0,5800400000.0,420500000.0,145000000.0,8021456200.0,6120550000.0,950440000.0,7071016200.0
KENYA BANKERS SACCO,2020,195018007.0,88400500.0,76980777.0,6902718973.0,6454710541.0,468993626.0,160648412.0,9103337522.0,6662966562.0,1402167718.0,7701169804.0
KENYA BANKERS SACCO,2021,136268767.0,94210300.0,81097852.0,7026325423.0,6747324365.0,472219391.0,173217839.0,9103337522.0,6845210400.0,1199743992.0,7903593530.0
KENYA BANKERS SACCO,2022,140000000.0,110000000.0,85000000.0,7500000000.0,7200000000.0,480000000.0,185000000.0,9976326084.0,7100000000.0,1300000000.0,8200000000.0
KENYA BANKERS SACCO,2023,160000000.0,130000000.0,90000000.0,8100000000.0,7800000000.0,500000000.0,200000000.0,10543210000.0,7500000000.0,1500000000.0,8700000000.0
KIMISITU SACCO,2007,0,0,0,0,0,0,0,0,0,0,0
KIMISITU SACCO,2008,0,0,0,0,0,0,0,0,0,0,0
KIMISITU SACCO,2009,0,0,0,0,0,0,0,0,0,0,0
KIMISITU SACCO,2010,0,0,0,0,0,0,0,0,0,0,0
KIMISITU SACCO,2011,0,0,0,0,0,0,0,0,0,0,0
KIMISITU SACCO,2012,0,0,0,0,0,0,0,0,0,0,0
KIMISITU SACCO,2013,0,0,0,0,0,0,0,0,0,0,0
KIMISITU SACCO,2014,0,0,0,0,0,0,0,0,0,0,0
KIMISITU SACCO,2015,0,0,0,0,0,0,0,0,0,0,0
KIMISITU SACCO,2016,0,0,0,0,0,0,0,0,0,0,0
KIMISITU SACCO,2017,0,0,0,0,0,0,0,0,0,0,0
KIMISITU SACCO,2018,0,0,0,0,0,0,0,0,0,0,0
KIMISITU SACCO,2019,0,0,0,0,0,0,0,0,0,0,0
KIMISITU SACCO,2020,49936000.0,-38520000.0,1653199000.0,5670296000.0,5485410000.0,1044967000.0,134048000.0,7661638000.0,6005018000.0,1081065000.0,6580573000.0
KIMISITU SACCO,2021,1338128000.0,17768000.0,621537000.0,6334627000.0,6111742000.0,1040224000.0,169083000.0,8570271000.0,6565072000.0,1261748000.0,7308521000.0
KIMISITU SACCO,2022,1954092000.0,12644000.0,241010000.0,7258848000.0,6927369000.0,0,202727000.0,9542672000.0,7337181000.0,1361551000.0,8191574000.0
KIMISITU SACCO,2023,0,0,0,0,0,0,0,0,0,0,0
KOLENGE SACCO,2007,0,0,0,0,0,0,0,0,0,0,0
KOLENGE SACCO,2008,0,0,0,0,0,0,0,0,0,0,0
KOLENGE SACCO,2009,0,0,0,0,0,0,0,0,0,0,0
KOLENGE SACCO,2010,0,0,0,0,0,0,0,0,0,0,0
KOLENGE SACCO,2011,0,0,0,0,0,0,0,0,0,0,0
KOLENGE SACCO,2012,0,0,0,0,0,0,0,0,0,0,0
KOLENGE SACCO,2013,0,0,0,0,0,0,0,0,0,0,0
KOLENGE SACCO,2014,0,0,0,0,0,0,0,0,0,0,0
KOLENGE SACCO,2015,0,0,0,0,0,0,0,0,0,0,0
KOLENGE SACCO,2016,0,0,0,0,0,0,0,0,0,0,0
KOLENGE SACCO,2017,0,0,0,0,0,0,0,0,0,0,0
KOLENGE SACCO,2018,0,0,0,0,0,0,0,0,0,0,0
KOLENGE SACCO,2019,20169731.0,71455.0,661303.0,57365819.0,56045241.0,49513013.0,5484972.0,144354140.0,89619050.0,49513013.0,94841150.0
KOLENGE SACCO,2020,14090332.0,1179127.18,4675303.0,87521945.39,85182900.0,57224444.0,6919059.95,169922034.0,103508022.0,57224444.0,112697589.0
KOLENGE SACCO,2021,0,0,0,0,0,0,0,0,0,0,0
KOLENGE SACCO,2022,0,0,0,0,0,0,0,0,0,0,0
KOLENGE SACCO,2023,0,0,0,0,0,0,0,0,0,0,0
KORU SACCO,2007,0,0,0,0,0,0,0,0,0,0,0
KORU SACCO,2008,0,0,0,0,0,0,0,0,0,0,0
KORU SACCO,2009,0,0,0,0,0,0,0,0,0,0,0
KORU SACCO,2010,0,0,0,0,0,0,0,0,0,0,0
KORU SACCO,2011,4171061, ,4301970,31524548,31524548,0,474829,44410076,30702571,6601937,37808139
KORU SACCO,2012,2005744.0,-170226.45,4689870.0,36920493.0,36920493.0,0,495548.0,46132702.0,32261930.0,8728217.0,37404485.0
KORU SACCO,2013,8488741.0,338270.0,6970410.0,36085793.0,36085793.0,0,765116.0,56262269.0,39325775.0,9371907.0,46599274.0
KORU SACCO,2014,13617624.0,744861.0,9680814.0,34456354.0,34456354.0,0,1140476.0,64588552.0,40506575.0,13748531.0,50840020.0
KORU SACCO,2015,37177.0,18611.0,11873268.0,33389509.0,32589509.0,0,1334299.0,49085187.0,38895555.0,12723606.0,46551156.0
KORU SACCO,2016,11883011.0,186597.0,13123495.0,29854566.0,28504566.0,0,1577238.0,69043776.0,47601877.0,16937097.0,52294212.0
KORU SACCO,2017,42565374.0,168594.0,14112600.0,31011758.0,29086031.0,0,1619386.0,97642022.0,47689592.0,17264666.0,53119619.0
KORU SACCO,2018,12173561.0,531426.0,15098010.54,29862147.0,26901696.0,0,1752242.0,70891155.64,49822191.12,18082356.8,52808799.87
KORU SACCO,2019,10271564.0,462239.0,16246154.0,29988726.0,26428275.0,0,1867801.0,71219457.0,47813288.0,18941784.0,52259672.0
KORU SACCO,2020,13629213.0,238989.0,7114009.0,33586813.0,30026362.0,0,1927549.0,74350533.0,49343099.0,19386813.0,54963721.0
KORU SACCO,2021,17087703.0,2156135.0,7920080.0,32943349.0,28704269.0,0,2427008.0,76904601.0,51619733.0,21263106.0,55641495.0
KORU SACCO,2022,0,0,0,0,0,0,0,0,0,0,0
KORU SACCO,2023,0,0,0,0,0,0,0,0,0,0,0
KWETU SACCO,2007,0,0,0,0,0,0,0,0,0,0,0
KWETU SACCO,2008,0,0,0,0,0,0,0,0,0,0,0
KWETU SACCO,2009,0,0,0,0,0,0,0,0,0,0,0
KWETU SACCO,2010,0,0,0,0,0,0,0,0,0,0,0
KWETU SACCO,2011,0,0,0,0,0,0,0,0,0,0,0
KWETU SACCO,2012,0,0,0,0,0,0,0,0,0,0,0
KWETU SACCO,2013,0,0,0,0,0,0,0,0,0,0,0
KWETU SACCO,2014,0,0,0,0,0,0,0,0,0,0,0
KWETU SACCO,2015,0,0,0,0,0,0,0,0,0,0,0
KWETU SACCO,2016,0,0,0,0,0,0,0,0,0,0,0
KWETU SACCO,2017,0,0,0,0,0,0,0,0,0,0,0
KWETU SACCO,2018,0,0,0,0,0,0,0,0,0,0,0
KWETU SACCO,2019,0,0,0,0,0,0,0,0,0,0,0
KWETU SACCO,2020,251294928.0,124167512.0,848324872.0,2153084789.0,2087101217.0,629590233.0,101541864.0,4379269975.0,2401022868.0,1418423892.0,397078190.0
KWETU SACCO,2021,212893091.0,124167512.0,927895776.0,2397378724.0,2327597233.0,767364511.0,126375367.0,4712191322.0,2596353521.0,1633895777.0,393280271.0
KWETU SACCO,2022,217650307.0,130785858.0,782521847.0,2720294275.0,2639682149.0,996574596.0,152532538.0,4783080656.0,2690893526.0,1726076373.0,385078568.0
KWETU SACCO,2023,0,0,0,0,0,0,0,0,0,0,0
KWIKAS SACCO,2007,0,0,0,0,0,0,0,0,0,0,0
KWIKAS SACCO,2008,0,0,0,0,0,0,0,0,0,0,0
KWIKAS SACCO,2009,0,0,0,0,0,0,0,0,0,0,0
KWIKAS SACCO,2010,0,0,0,0,0,0,0,0,0,0,0
KWIKAS SACCO,2011,0,0,0,0,0,0,0,0,0,0,0
KWIKAS SACCO,2012,0,0,0,0,0,0,0,0,0,0,0
KWIKAS SACCO,2013,0,0,0,0,0,0,0,0,0,0,0
KWIKAS SACCO,2014,0,0,0,0,0,0,0,0,0,0,0
KWIKAS SACCO,2015,0,0,0,0,0,0,0,0,0,0,0
KWIKAS SACCO,2016,0,0,0,0,0,0,0,0,0,0,0
KWIKAS SACCO,2017,0,0,0,0,0,0,0,0,0,0,0
KWIKAS SACCO,2018,0,0,0,0,0,0,0,0,0,0,0
KWIKAS SACCO,2019,0,0,0,0,0,0,0,0,0,0,0
KWIKAS SACCO,2020,147279054.0,424619128.0,110000.0,443356055.0,424619128.0,106043595.7,424619128.0,615469447.9,457406767.9,127432556.0,488036892.0
KWIKAS SACCO,2021,168800184.0,476545488.0,110000.0,495289689.8,476545488.0,152023435.0,476545488.0,700607387.6,510016123.0,152023435.0,548583954.0
KWIKAS SACCO,2022,155402040.0,539237820.0,115067.0,560820732.0,539237820.0,184486490.0,539237820.0,758689887.3,536159217.0,184486490.0,574203397.0
KWIKAS SACCO,2023,0,0,0,0,0,0,0,0,0,0,0
LAINISHA SACCO,2007,9072837.0,-130940764.0,3099100.0,53169220.0,49447375.0,0,10535391.0,101042159.0,88302422.0,-37572804.0,138614963.0
LAINISHA SACCO,2008,9652154.0,-116486412.0,3153280.0,63674472.0,55470816.0,0,10848979.0,106951763.0,89586975.0,-19680604.0,126483614.0
LAINISHA SACCO,2009,11606332.0,-116181177.0,3153280.0,72197161.0,55516677.0,0,11035272.0,130959400.0,88558586.0,-16140114.0,147099514.0
LAINISHA SACCO,2010,11999140.0,-115950062.0,3187680.0,78490493.0,60516357.0,0,11316801.0,132850579.0,88558586.0,-14696260.0,147546839.0
LAINISHA SACCO,2011,11850442.0,-955711.0,3213000.0,79987012.0,70473718.0,0,11316801.0,126301662.1,130809511.0,-55321370.15,181623032.4
LAINISHA SACCO,2012,209631631.2,-6134313.0,3837498.0,4079328.0,4079328.15,0,11316801.0,253427739.6,117656030.0,-62305378.36,315736116.8
LAINISHA SACCO,2013,14295816.0,-5180189.0,109136598.0,80748696.0,80748696.0,0,12627843.0,242665216.0,92769940.0,-43527286.0,286192501.0
LAINISHA SACCO,2014,93164187.0,2226910.0,13336598.0,105659865.0,102052227.0,0,14412856.0,284500118.0,101506537.0,172835989.0,111664129.0
LAINISHA SACCO,2015,69012969.0,2550782.0,13272498.0,143895127.0,136550892.0,0,15050551.0,311148805.0,114728089.0,184694893.0,126453912.0
LAINISHA SACCO,2016,75323576.0,-8272686.0,13277355.0,173376620.0,159871011.9,0,15215344.0,320853210.9,127628799.0,99544885.27,136974582.0
LAINISHA SACCO,2017,90278396.0,983069.0,14314587.0,183432718.0,162982457.0,0,15357936.0,338132752.0,141371064.0,192144479.0,147880245.0
LAINISHA SACCO,2018,72166778.66,0,94611870.0,215562132.0,188098064.0,0,15699380.0,369440675.7,159029119.0,314129849.0,167033191.0
LAINISHA SACCO,2019,23783274.37,0,11722912.0,257046189.0,228582682.0,0,17509504.0,417511209.4,186558455.0,217472965.0,200038243.5
LAINISHA SACCO,2020,43822830.0,8514089.0,66940857.0,328184248.0,292778125.0,0,18701476.0,486605145.0,247191633.0,225760792.0,260844349.0
LAINISHA SACCO,2021,233362462.0,0,16940857.0,270836485.0,234419617.0,0,21755084.0,554265775.0,290292510.0,244611929.0,309653846.0
LAINISHA SACCO,2022,164912537.0,13094175.0,49524309.0,366357901.0,329941033.0,0,23674486.0,624939624.0,305173272.0,298486661.0,326452961.0
LAINISHA SACCO,2023,0,0,0,0,0,0,0,0,0,0,0
MAFANIKIO SACCO,2007,0,0,0,0,0,0,0,0,0,0,0
MAFANIKIO SACCO,2008,0,0,0,0,0,0,0,0,0,0,0
MAFANIKIO SACCO,2009,0,0,0,0,0,0,0,0,0,0,0
MAFANIKIO SACCO,2010,57280489,0,12265847,263143330,263143330, ,6638993,420805135,249530153,56410715,371675186
MAFANIKIO SACCO,2011,19846649.0,0,13675347.0,296918859.0,294845459.0,0,9477422.0,422925486.0,251655387.0,73896875.0,349028611.0
MAFANIKIO SACCO,2012,12419314.0,0,25329658.0,325298062.0,318026558.0,0,11070308.0,454657971.0,281820645.0,72165342.0,382492629.0
MAFANIKIO SACCO,2013,40164453.2,13344568.29,27684832.68,359151994.3,351690198.1,0,14182415.87,508533391.7,293621734.7,100846405.7,407686986.0
MAFANIKIO SACCO,2014,49731794.0,19604846.0,14582790.0,360786989.0,350184189.0,0,18007281.0,534444329.0,322200801.0,146858150.0,387586180.0
MAFANIKIO SACCO,2015,72857216.0,18304471.0,28191601.0,389781182.0,376107614.0,0,22583399.0,604188621.0,370403370.0,170035668.0,434152954.0
MAFANIKIO SACCO,2016,36146766.0,7382638.0,32411253.0,491527931.0,468334250.0,0,24368909.0,696983837.0,440828441.0,185289764.0,511694073.0
MAFANIKIO SACCO,2017,49345097.0,11657199.0,36762785.0,574184811.0,551940772.0,0,27283209.0,785318186.0,483199886.0,201513311.0,583804876.0
MAFANIKIO SACCO,2018,60967448.29,27626032.0,41343229.54,661054784.8,640827787.5,0,34191578.75,880985449.2,535442059.2,237282857.5,643702594.8
MAFANIKIO SACCO,2019,71047900.79,18645685.67,46427679.81,731291821.0,704403830.8,0,38878707.0,892250346.7,567923384.2,264637633.8,627612710.0
MAFANIKIO SACCO,2020,113169311.0,17356216.0,56376329.0,764103964.0,729214362.0,0,43217761.0,969980163.0,618469205.0,290701498.0,679278666.0
MAFANIKIO SACCO,2021,160342825.0,14159782.0,57378479.0,841317206.0,806427604.0,0,46757868.0,1090912706.0,696846287.0,311515268.0,779397437.0
MAFANIKIO SACCO,2022,173487261.0,3494998.0,70453252.0,851512505.7,824642574.1,0,47631616.0,1125723889.0,719551929.0,319966377.1,805757519.0
MAFANIKIO SACCO,2023,0,0,0,0,0,0,0,0,0,0,0
MAGADI SACCO,2007,0,0,0,0,0,0,0,0,0,0,0
MAGADI SACCO,2008,0,0,0,0,0,0,0,0,0,0,0
MAGADI SACCO,2009,0,0,0,0,0,0,0,0,0,0,0
MAGADI SACCO,2010,0,0,0,0,0,0,0,0,0,0,0
MAGADI SACCO,2011,0,0,0,0,0,0,0,0,0,0,0
MAGADI SACCO,2012,0,0,0,0,0,0,0,0,0,0,0
MAGADI SACCO,2013,0,0,0,0,0,0,0,0,0,0,0
MAGADI SACCO,2014,0,0,0,0,0,0,0,0,0,0,0
MAGADI SACCO,2015,0,0,0,0,0,0,0,0,0,0,0
MAGADI SACCO,2016,0,0,0,0,0,0,0,0,0,0,0
MAGADI SACCO,2017,0,0,0,0,0,0,0,0,0,0,0
MAGADI SACCO,2018,86995878.0,6923924.0,4228555.0,478678153.0,467465209.0,0,18296335.0,590186392.0,433315333.0,98714532.0,491471862.0
MAGADI SACCO,2019,44641958.0,4284090.0,58311419.0,546147164.0,529295686.0,102637695.0,21093281.0,659596375.0,486824375.0,108193691.0,551402683.0
MAGADI SACCO,2020,115558634.0,-2328833.0,4228556.0,613873373.0,589610625.0,103828792.0,22681088.0,732175501.0,539970780.0,111745308.0,620430195.0
MAGADI SACCO,2021,208365351.0,2007244.0,4228555.0,552721745.0,537389122.0,110108504.0,25216716.0,770481092.0,572361970.0,119620202.0,650860890.0
MAGADI SACCO,2022,150435644.0,368916.0,4228555.0,668943459.0,656602320.0,116952529.0,27775274.0,833815142.0,628265978.0,126422494.0,707392648.0
MAGADI SACCO,2023,0,0,0,0,0,0,0,0,0,0,0
MAGEREZA SACCO,2007,0,0,0,0,0,0,0,0,0,0,0
MAGEREZA SACCO,2008,0,0,0,0,0,0,0,0,0,0,0
MAGEREZA SACCO,2009,0,0,0,0,0,0,0,0,0,0,0
MAGEREZA SACCO,2010,0,0,0,0,0,0,0,0,0,0,0
MAGEREZA SACCO,2011,0,0,0,0,0,0,0,0,0,0,0
MAGEREZA SACCO,2012,0,0,0,0,0,0,0,0,0,0,0
MAGEREZA SACCO,2013,0,0,0,0,0,0,0,0,0,0,0
MAGEREZA SACCO,2014,0,0,0,0,0,0,0,0,0,0,0
MAGEREZA SACCO,2015,0,0,0,0,0,0,0,0,0,0,0
MAGEREZA SACCO,2016,0,0,0,0,0,0,0,0,0,0,0
MAGEREZA SACCO,2017,0,0,0,0,0,0,0,0,0,0,0
MAGEREZA SACCO,2018,0,0,0,0,0,0,0,0,0,0,0
MAGEREZA SACCO,2019,0,0,0,0,0,0,0,0,0,0,0
MAGEREZA SACCO,2020,0,0,0,0,0,0,0,0,0,0,0
MAGEREZA SACCO,2021,817345916.5,22318172.0,432468040.8,3614762641.0,3459988413.0,440474635.0,126744666.0,7082432647.0,4924213754.0,1379695652.0,4924213754.0
MAGEREZA SACCO,2022,576228117.0,-140119788.0,423139325.0,3858442217.0,3681831574.0,650021994.0,129259779.0,7049229871.0,5153655889.0,1404311132.0,5153655889.0
MAGEREZA SACCO,2023,0,0,0,0,0,0,0,0,0,0,0
MENTOR SACCO,2007,0,0,0,0,0,0,0,0,0,0,0
MENTOR SACCO,2008,0,0,0,0,0,0,0,0,0,0,0
MENTOR SACCO,2009,0,0,0,0,0,0,0,0,0,0,0
MENTOR SACCO,2010,0,0,0,0,0,0,0,0,0,0,0
MENTOR SACCO,2011,283849000,16883000,140316000,1458954000,1447463000,17007000,33539000,1982931000,1540825000,385707000,1597224000
MENTOR SACCO,2012,110263000.0,27347000.0,136004000.0,1687174000.0,1669487000.0,17738000.0,39631000.0,2246183000.0,1708217000.0,264252000.0,1981931000.0
MENTOR SACCO,2013,201351000,58798000,269992000,1994080000,1976393000,46593000,54556000,2834364933,2027885000,646128000,2039815000
MENTOR SACCO,2014,182728629,40215000,267823506,2539002896,2511315580,51183315,72274432,3283953220,2476141469,529146289,2754806930
MENTOR SACCO,2015,214035021,27538472,249273506,3182830858,3150143542,57957132,91411000,3926234298,3007206335,564167775,3362066522
MENTOR SACCO,2016,258656183,23192796,232172149,4116099457,4068599457,163048132,103653504,4877108727,3588473178,676037596,4201071132
MENTOR SACCO,2017,152446518,8961328,212113083,5284603210,5189103210,244898056,126907513,6272656282,4351403521,900603389,5372052896
MENTOR SACCO,2018,227633715.0,46490056.0,195044836.0,5842582015.0,5687082015.0,362945371.0,155984729.0,7163955475.0,5135049618.0,1089269071.0,6074686401.0
MENTOR SACCO,2019,798832746.0,46965714.0,217351361.0,6239183746.0,5971399711.0,489216589.0,186446779.0,7940582606.0,5972911279.0,1311775955.0,6628806642.0
MENTOR SACCO,2020,1280519269.0,48035935.0,172957020.0,6580599847.0,6240738492.0,550227614.0,200882891.0,8917753738.0,6775457859.0,1383603693.0,7534150045.0
MENTOR SACCO,2021,2224711816.0,108793500.0,284566699.0,7345313859.0,6975052504.0,625837800.0,227344561.0,10412328501.0,7839427482.0,1700047610.0,8712280891.0
MENTOR SACCO,2022,2033555086.0,62092643.0,197057330.0,8683011938.0,8275214583.0,739534288.0,259109764.0,11766817996.0,8908466620.0,1806444983.0,9960373013.0
MENTOR SACCO,2023,0,0,0,0,0,0,0,0,0,0,0
NYATI SACCO,2007,0,0,0,0,0,0,0,0,0,0,0
NYATI SACCO,2008,0,0,0,0,0,0,0,0,0,0,0
NYATI SACCO,2009,0,0,0,0,0,0,0,0,0,0,0
NYATI SACCO,2010,0,0,0,0,0,0,0,0,0,0,0
NYATI SACCO,2011,0,0,0,0,0,0,0,0,0,0,0
NYATI SACCO,2012,0,0,0,0,0,0,0,0,0,0,0
NYATI SACCO,2013,0,0,0,0,0,0,0,0,0,0,0
NYATI SACCO,2014,0,0,0,0,0,0,0,0,0,0,0
NYATI SACCO,2015,0,0,0,0,0,0,0,0,0,0,0
NYATI SACCO,2016,0,0,0,0,0,0,0,0,0,0,0
NYATI SACCO,2017,0,0,0,0,0,0,0,0,0,0,0
NYATI SACCO,2018,0,0,0,0,0,0,0,0,0,0,0
NYATI SACCO,2019,168189222.0,87550282.0,18661431.0,3077148048.0,2994823414.0,148451901.0,163114085.0,3365864887.0,2201237485.0,827255740.0,2538609147.0
NYATI SACCO,2020,457470051.0,96384537.0,89875374.0,3148024766.0,3054612195.0,204709347.0,202908049.0,3788805308.0,2392296190.0,1039588669.0,2749216637.0
NYATI SACCO,2021,672245671.0,94163049.0,89890374.0,3229561965.0,3125649394.0,235204252.0,245992210.0,4110133410.0,2512220109.0,1283970270.0,2826163140.0
NYATI SACCO,2022,760494073.0,73316510.0,37451038.0,3526498770.0,3410498258.0,267312059.0,285559145.0,4575477569.0,2770907617.0,1485910768.0,3089566799.0
NYATI SACCO,2023,0,0,0,0,0,0,0,0,0,0,0
PATNAS SACCO,2007,0,0,0,0,0,0,0,0,0,0,0
PATNAS SACCO,2008,0,0,0,0,0,0,0,0,0,0,0
PATNAS SACCO,2009,0,0,0,0,0,0,0,0,0,0,0
PATNAS SACCO,2010,0,0,0,0,0,0,0,0,0,0,0
PATNAS SACCO,2011,0,0,0,0,0,0,0,0,0,0,0
PATNAS SACCO,2012,48159479.99,0.0,0.0,96723148.63,84967805.63,53318338.6,6641198.1,330498864.7,163736480.9,64833818.28,265665046.0
PATNAS SACCO,2013,44757555.84,0.0,0.0,107070963.3,94311039.75,53578122.75,7606034.0,348243396.2,125698101.5,67157782.75,281085613.0
PATNAS SACCO,2014,82710315.71,0.0,0.0,105894421.0,93010285.07,54397850.0,8257520.35,386160781.1,148858938.9,67678941.35,318481839.7
PATNAS SACCO,2015,38420292.74,0.0,0.0,147398339.0,133876410.6,53593122.75,7606034.0,396343165.5,129602568.2,63857154.55,332486011.0
PATNAS SACCO,2016,78421274.0,0.0,0.0,68793951.4,51178525.43,63759620.14,11387794.0,327625540.5,152609066.1,70264643.14,224730026.4
PATNAS SACCO,2017,148425186.6,0.0,0.0,79430797.92,60562074.67,71383883.14,0.0,294994669.5,159082259.2,0.0,254646074.2
PATNAS SACCO,2018,0.0,0.0,0.0,0,0.0,0,0,503019136.6,0.0,0.0,0.0
PATNAS SACCO,2019,26254128.02,0.0,0.0,220646237.1,200964245.0,72827883.13,170910185.0,0.0,178558863.2,251550057.4,294003559.2
PATNAS SACCO,2020,81167284.71,0.0,0.0,187970704.0,173543849.9,72827883.0,15620638.79,506985495.1,168380789.4,215086751.5,291898743.4
PATNAS SACCO,2021,9508131.7,0.0,0.0,173829766.4,160408239.3,74083883.14,16272832.07,494525261.6,153351445.4,253099655.3,241560138.3
PATNAS SACCO,2022,-11891251.95,0.0,0.0,202355749.0,189795652.0,75885883.14,18872858.5,517209277.1,189358849.6,271303934.4,245905345.4
PATNAS SACCO,2023,0,0,0,0,0,0,0,0,0,0,0
PRIMETIME SACCO,2007,0,0,0,0,0,0,0,0,0,0,0
PRIMETIME SACCO,2008,0,0,0,0,0,0,0,0,0,0,0
PRIMETIME SACCO,2009,0,0,0,0,0,0,0,0,0,0,0
PRIMETIME SACCO,2010,0,0,0,0,0,0,0,0,0,0,0
PRIMETIME SACCO,2011,0,0,0,0,0,0,0,0,0,0,0
PRIMETIME SACCO,2012,0,0,0,0,0,0,0,0,0,0,0
PRIMETIME SACCO,2013,0,0,0,0,0,0,0,0,0,0,0
PRIMETIME SACCO,2014,0,0,0,0,0,0,0,0,0,0,0
PRIMETIME SACCO,2015,0,0,0,0,0,0,0,0,0,0,0
PRIMETIME SACCO,2016,0,0,0,0,0,0,0,0,0,0,0
PRIMETIME SACCO,2017,0,0,0,0,0,0,0,0,0,0,0
PRIMETIME SACCO,2018,0,0,0,0,0,0,0,0,0,0,0
PRIMETIME SACCO,2019,175549981.0,7642607.35,9221631.0,369086787.0,360423402.0,48764688.0,13603823.0,616749916.0,574156047.0,118239348.4,648599657.4
PRIMETIME SACCO,2020,180207306.7,7692930.0,9317364.0,393314726.0,365623754.8,49435000.0,15589555.85,645448192.5,628218051.0,128588322.9,672647988.9
PRIMETIME SACCO,2021,189916385.0,-9543950.9,9221631.0,409379310.0,385155601.0,58607805.0,18681835.25,837075941.1,651789212.0,136291121.0,700784820.8
PRIMETIME SACCO,2022,202509002.0,11107433.24,9221631.0,451176542.8,426716213.9,68817747.0,21533693.16,891881911.7,691512045.0,155478690.7,736403221.0
PRIMETIME SACCO,2023,0,0,0,0,0,0,0,0,0,0,0
SIMBA CHAI SACCO,2007,0,0,0,0,0,0,0,0,0,0,0
SIMBA CHAI SACCO,2008,0,0,0,0,0,0,0,0,0,0,0
SIMBA CHAI SACCO,2009,0,0,0,0,0,0,0,0,0,0,0
SIMBA CHAI SACCO,2010,0,0,0,0,0,0,0,0,0,0,0
SIMBA CHAI SACCO,2011,0,0,0,0,0,0,0,0,0,0,0
SIMBA CHAI SACCO,2012,0,0,0,0,0,0,0,0,0,0,0
SIMBA CHAI SACCO,2013,0,0,0,0,0,0,0,0,0,0,0
SIMBA CHAI SACCO,2014,0,0,0,0,0,0,0,0,0,0,0
SIMBA CHAI SACCO,2015,0,0,0,0,0,0,0,0,0,0,0
SIMBA CHAI SACCO,2016,0,0,0,0,0,0,0,0,0,0,0
SIMBA CHAI SACCO,2017,0,0,0,0,0,0,0,0,0,0,0
SIMBA CHAI SACCO,2018,0,0,0,0,0,0,0,0,0,0,0
SIMBA CHAI SACCO,2019,0,0,0,0,0,0,0,0,0,0,0
SIMBA CHAI SACCO,2020,0,0,0,0,0,0,0,0,0,0,0
SIMBA CHAI SACCO,2021,177710898.0,45715357.0,22755306.0,1221616146.0,1191616146.0,54051794.0,90783146.0,1664179519.0,839312188.0,436828706.0,1227350812.0
SIMBA CHAI SACCO,2022,105994628.0,51997125.0,29582479.0,1515857871.0,1479857871.0,55027598.0,106217077.0,1955372560.0,951772433.0,511267335.0,1444105223.0
SIMBA CHAI SACCO,2023,0,0,0,0,0,0,0,0,0,0,0
SIRAJI SACCO,2007,0,0,0,0,0,0,0,0,0,0,0
SIRAJI SACCO,2008,0,0,0,0,0,0,0,0,0,0,0
SIRAJI SACCO,2009,0,0,0,0,0,0,0,0,0,0,0
SIRAJI SACCO,2010,0,0,0,0,0,0,0,0,0,0,0
SIRAJI SACCO,2011,0,0,0,0,0,0,0,0,0,0,0
SIRAJI SACCO,2012,0,0,0,0,0,0,0,0,0,0,0
SIRAJI SACCO,2013,0,0,0,0,0,0,0,0,0,0,0
SIRAJI SACCO,2014,0,0,0,0,0,0,0,0,0,0,0
SIRAJI SACCO,2015,0,0,0,0,0,0,0,0,0,0,0
SIRAJI SACCO,2016,0,0,0,0,0,0,0,0,0,0,0
SIRAJI SACCO,2017,0,0,0,0,0,0,0,0,0,0,0
SIRAJI SACCO,2018,0,0,0,0,0,0,0,0,0,0,0
SIRAJI SACCO,2019,0,0,0,0,0,0,0,0,0,0,0
SIRAJI SACCO,2020,81357297.0,573975.0,101856.0,337140421.0,312039246.0,49733041.0,12421535.0,451530040.0,345672644.0,82862280.0,365726317.0
SIRAJI SACCO,2021,89301113.0,3119589.0,101856.0,366288454.0,334064972.0,51874160.0,14158817.0,512833379.0,393860322.0,92801711.0,420031669.0
SIRAJI SACCO,2022,106793890.0,3655473.0,101856.0,385965927.0,346009652.0,55353403.0,16091766.0,584594538.0,442054357.0,101869376.0,482725162.0
SIRAJI SACCO,2023,0,0,0,0,0,0,0,0,0,0,0
SMART LIFE SACCO,2007,0,0,0,0,0,0,0,0,0,0,0
SMART LIFE SACCO,2008,0,0,0,0,0,0,0,0,0,0,0
SMART LIFE SACCO,2009,0,0,0,0,0,0,0,0,0,0,0
SMART LIFE SACCO,2010,19363224,3541956,472260,112905266,112905266,10494697,531274,151015729,128604214,15259572,135756157
SMART LIFE SACCO,2011,0,0,0,0,0,0,0,0,0,0,0
SMART LIFE SACCO,2012,0,0,0,0,0,0,0,0,0,0,0
SMART LIFE SACCO,2013,0,0,0,0,0,0,0,0,0,0,0
SMART LIFE SACCO,2014,0,0,0,0,0,0,0,0,0,0,0
SMART LIFE SACCO,2015,0,0,0,0,0,0,0,0,0,0,0
SMART LIFE SACCO,2016,0,0,0,0,0,0,0,0,0,0,0
SMART LIFE SACCO,2017,0,0,0,0,0,0,0,0,0,0,0
SMART LIFE SACCO,2018,0,0,0,0,0,0,0,0,0,0,0
SMART LIFE SACCO,2019,0,0,0,0,0,0,0,0,0,0,0
SMART LIFE SACCO,2020,128614953.0,2327178.0,48158789.0,994788305.0,945191720.0,89412126.0,17513072.0,1236977812.0,867461287.0,238749982.0,998227830.0
SMART LIFE SACCO,2021,172602165.0,10646785.0,82528081.0,1099345186.0,1037147597.0,93531639.0,19642429.0,1372661880.0,911981655.0,250876988.0,1121784892.0
SMART LIFE SACCO,2022,178113152.0,28567777.0,88060044.0,778820671.0,741184900.0,97671003.0,27039428.0,1460789897.0,972683145.0,284063176.0,1176726721.0
SMART LIFE SACCO,2023,0,0,0,0,0,0,0,0,0,0,0
SOTICO SACCO,2007,0,0,0,0,0,0,0,0,0,0,0
SOTICO SACCO,2008,0,0,0,0,0,0,0,0,0,0,0
SOTICO SACCO,2009,0,0,0,0,0,0,0,0,0,0,0
SOTICO SACCO,2010,0,0,0,0,0,0,0,0,0,0,0
SOTICO SACCO,2011,0,0,0,0,0,0,0,0,0,0,0
SOTICO SACCO,2012,0,0,0,0,0,0,0,0,0,0,0
SOTICO SACCO,2013,0,0,0,0,0,0,0,0,0,0,0
SOTICO SACCO,2014,0,0,0,0,0,0,0,0,0,0,0
SOTICO SACCO,2015,0,0,0,0,0,0,0,0,0,0,0
SOTICO SACCO,2016,27227584,40846,40449810,112489704,108864930,10092600,4468256,190156140,103264095,61400969,128755171
SOTICO SACCO,2017,20473615.0,418036.0,49120055.0,116513632.0,112673981.0,10571400.0,4888175.0,198783077.0,107547774.0,71387968.75,127395107.0
SOTICO SACCO,2018,29501244.0,249238.0,49120055.0,121965745.0,118004126.0,10978200.0,5276065.0,215833396.0,122123986.0,72431897.0,143401498.0
SOTICO SACCO,2019,52141499.0,12410.0,49120055.0,131804621.0,126643002.0,11404800.0,5615502.0,246382881.0,133248670.0,73210344.0,173172537.0
SOTICO SACCO,2020,27606849.0,187873.0,5151498.0,170595489.7,164933870.7,14458167.0,6003391.0,214760602.1,154358421.0,78285289.0,180524692.0
SOTICO SACCO,2021,26846351.0,146842.0,5151498.0,181532478.0,175570859.0,16371815.0,6574278.0,225456536.0,161523112.0,35375179.0,190081357.0
SOTICO SACCO,2022,28628400.0,896055.0,5151498.0,191230610.0,184968991.0,17043686.0,7322167.0,235764693.0,173051913.0,39786497.0,195978197.0
SOTICO SACCO,2023,0,0,0,0,0,0,0,0,0,0,0
STIMA SACCO,2007,0,0,0,0,0,0,0,0,0,0,0
STIMA SACCO,2008,0,0,0,0,0,0,0,0,0,0,0
STIMA SACCO,2009,0,0,0,0,0,0,0,0,0,0,0
STIMA SACCO,2010,0,0,0,0,0,0,0,0,0,0,0
STIMA SACCO,2011,0,0,0,0,0,0,0,0,0,0,0
STIMA SACCO,2012,0,0,0,0,0,0,0,0,0,0,0
STIMA SACCO,2013,0,0,0,0,0,0,0,0,0,0,0
STIMA SACCO,2014,0,0,0,0,0,0,0,0,0,0,0
STIMA SACCO,2015,0,0,0,0,0,0,0,0,0,0,0
STIMA SACCO,2016,0,0,0,0,0,0,0,0,0,0,0
STIMA SACCO,2017,0,0,0,0,0,0,0,0,0,0,0
STIMA SACCO,2018,0,0,0,0,0,0,0,0,0,0,0
STIMA SACCO,2019,0,0,0,0,0,0,0,0,0,0,0
STIMA SACCO,2020,5106415000.0,610144000.0,1962102000.0,38804173000.0,32798794000.0,2022438000.0,1188896000.0,42034351000.0,31188264000.0,6386753000.0,34674495000.0
STIMA SACCO,2021,5248820000.0,942849000.0,3177504000.0,39378377000.0,36351455000.0,2382779000.0,1473792000.0,47546933.0,34212867000.0,7960973000.0,38488815000.0
STIMA SACCO,2022,808390000.0,369596000.0,9275926000.0,45074284000.0,41316978000.0,2987001000.0,1670253000.0,53783580174.0,39428925000.0,9261895000.0,44521784000.0
STIMA SACCO,2023,0,0,0,0,0,0,0,0,0,0,0
STRATEGIC DT SACCO,2007,0,0,0,0,0,0,0,0,0,0,0
STRATEGIC DT SACCO,2008,0,0,0,0,0,0,0,0,0,0,0
STRATEGIC DT SACCO,2009,0,0,0,0,0,0,0,0,0,0,0
STRATEGIC DT SACCO,2010,0,0,0,0,0,0,0,0,0,0,0
STRATEGIC DT SACCO,2011,0,0,0,0,0,0,0,0,0,0,0
STRATEGIC DT SACCO,2012,0,0,0,0,0,0,0,0,0,0,0
STRATEGIC DT SACCO,2013,0,0,0,0,0,0,0,0,0,0,0
STRATEGIC DT SACCO,2014,0,0,0,0,0,0,0,0,0,0,0
STRATEGIC DT SACCO,2015,0,0,0,0,0,0,0,0,0,0,0
STRATEGIC DT SACCO,2016,0,0,0,0,0,0,0,0,0,0,0
STRATEGIC DT SACCO,2017,0,0,0,0,0,0,0,0,0,0,0
STRATEGIC DT SACCO,2018,5868126.0,30884.0,10.619076,222853979.0,220553979.0,28963365.0,938315.0,151015729.0,226042212.0,30309940.0,236021971.0
STRATEGIC DT SACCO,2019,1234979.0,65000.0,10004941.0,228694587.0,226294587.0,34068869.0,1021957.0,1148549670.0,244552689.0,35618868.0,259761667.0
STRATEGIC DT SACCO,2020,1043286.0,3523039.0,33592821.0,231258250.0,227332655.0,39441838.0,1902716.0,1115492113.0,269114517.0,45395635.0,276252008.0
STRATEGIC DT SACCO,2021,30124363.0,3287365.17,7484699.0,277813578.3,263690737.0,45111735.64,2466988.0,1097473604.0,307639794.0,47689646.0,2762520008.0
STRATEGIC DT SACCO,2022,14844277.23,4902181.22,47407232.13,313713341.2,296055057.3,50296793.99,3692533.31,2813808172.0,348393763.5,59002431.54,364011532.5
STRATEGIC DT SACCO,2023,0,0,0,0,0,0,0,0,0,0,0
TABASAMU SACCO,2007,0,0,0,0,0,0,0,0,0,0,0
TABASAMU SACCO,2008,0,0,0,0,0,0,0,0,0,0,0
TABASAMU SACCO,2009,0,0,0,0,0,0,0,0,0,0,0
TABASAMU SACCO,2010,0,0,0,0,0,0,0,0,0,0,0
TABASAMU SACCO,2011,0,0,0,0,0,0,0,0,0,0,0
TABASAMU SACCO,2012,0,0,0,0,0,0,0,0,0,0,0
TABASAMU SACCO,2013,0,0,0,0,0,0,0,0,0,0,0
TABASAMU SACCO,2014,0,0,0,0,0,0,0,0,0,0,0
TABASAMU SACCO,2015,0,0,0,0,0,0,0,0,0,0,0
TABASAMU SACCO,2016,0,0,0,0,0,0,0,0,0,0,0
TABASAMU SACCO,2017,0,0,0,0,0,0,0,0,0,0,0
TABASAMU SACCO,2018,0,0,0,0,0,0,0,0,0,0,0
TABASAMU SACCO,2019,0,0,0,0,0,0,0,0,0,0,0
TABASAMU SACCO,2020,130055917.0,30352934.0,83566241.0,387519764.0,363038850.0,43405773.0,47517372.0,877835636.0,536639675.0,276548555.0,601287079.0
TABASAMU SACCO,2021,99095632.0,30754436.29,148647561.0,453806714.3,428311564.8,56958594.01,55205981.07,963198403.6,584385536.0,324174856.4,639023545.3
TABASAMU SACCO,2022,0,0,0,0,0,0,0,0,0,0,0
TABASAMU SACCO,2023,0,0,0,0,0,0,0,0,0,0,0
TEMBO SACCO,2007,0,0,0,0,0,0,0,0,0,0,0
TEMBO SACCO,2008,0,0,0,0,0,0,0,0,0,0,0
TEMBO SACCO,2009,0,0,0,0,0,0,0,0,0,0,0
TEMBO SACCO,2010,0,0,0,0,0,0,0,0,0,0,0
TEMBO SACCO,2011,0,0,0,0,0,0,0,0,0,0,0
TEMBO SACCO,2012,0,0,0,0,0,0,0,0,0,0,0
TEMBO SACCO,2013,0,0,0,0,0,0,0,0,0,0,0
TEMBO SACCO,2014,0,0,0,0,0,0,0,0,0,0,0
TEMBO SACCO,2015,0,0,0,0,0,0,0,0,0,0,0
TEMBO SACCO,2016,0,0,0,0,0,0,0,0,0,0,0
TEMBO SACCO,2017,0,0,0,0,0,0,0,0,0,0,0
TEMBO SACCO,2018,0,0,0,0,0,0,0,0,0,0,0
TEMBO SACCO,2019,60942574.03,17320.0,115855.0,238201977.0,216882733.0,18970134.0,5785290.0,293411678.0,257705275.2,35293281.0,258118396.2
TEMBO SACCO,2020,782294992.0,86256085.0,213810421.0,2564485165.0,2478581524.0,191287939.0,144642645.0,3617548491.0,2537935152.0,782645980.0,2831729437.0
TEMBO SACCO,2021,1035713221.0,84478339.0,214371201.0,2876051809.0,2800698147.0,204354229.0,176460261.0,4199736094.0,2958230141.0,914098669.0,3285637424.0
TEMBO SACCO,2022,1366906242.0,44642289.0,213516227.0,3216230239.0,3151612610.0,220601770.0,200792959.0,4920755244.0,3524816406.0,955692734.0,3965062592.0
TEMBO SACCO,2023,0,0,0,0,0,0,0,0,0,0,0
TOWER RETURNS,2007,0,0,0,0,0,0,0,0,0,0,0
TOWER RETURNS,2008,0,0,0,0,0,0,0,0,0,0,0
TOWER RETURNS,2009,0,0,0,0,0,0,0,0,0,0,0
TOWER RETURNS,2010,0,0,0,0,0,0,0,0,0,0,0
TOWER RETURNS,2011,0,0,0,0,0,0,0,0,0,0,0
TOWER RETURNS,2012,0,0,0,0,0,0,0,0,0,0,0
TOWER RETURNS,2013,0,0,0,0,0,0,0,0,0,0,0
TOWER RETURNS,2014,0,0,0,0,0,0,0,0,0,0,0
TOWER RETURNS,2015,0,0,0,0,0,0,0,0,0,0,0
TOWER RETURNS,2016,0,0,0,0,0,0,0,0,0,0,0
TOWER RETURNS,2017,0,0,0,0,0,0,0,0,0,0,0
TOWER RETURNS,2018,0,0,0,0,0,0,0,0,0,0,0
TOWER RETURNS,2019,0,0,0,0,0,0,0,0,0,0,0
TOWER RETURNS,2020,0,0,0,0,0,0,0,0,0,0,0
TOWER RETURNS,2021,2906031020.0,143222812.0,150605194.0,13312361672.0,12631246697.0,1399419707.0,361774332.0,16464548906.0,11971456880.0,3076818574.0,13489653122.0
TOWER RETURNS,2022,2884792742.0,27219086.0,1151889435.0,15230905643.0,14380342551.0,1443040168.0,441372924.0,19565710996.0,14503634837.0,3228035219.0,16337675777.0
TOWER RETURNS,2023,0,0,0,0,0,0,0,0,0,0,0
TRANS COUNTIES SACCO,2007,0,0,0,0,0,0,0,0,0,0,0
TRANS COUNTIES SACCO,2008,0,0,0,0,0,0,0,0,0,0,0
TRANS COUNTIES SACCO,2009,0,0,0,0,0,0,0,0,0,0,0
TRANS COUNTIES SACCO,2010,19363224,3541956,472260,112905266,112905266,10494697,531274,151015729,128604214,15259572,135756157
TRANS COUNTIES SACCO,2011,0,0,0,0,0,0,0,0,0,0,0
TRANS COUNTIES SACCO,2012,0,0,0,0,0,0,0,0,0,0,0
TRANS COUNTIES SACCO,2013,0,0,0,0,0,0,0,0,0,0,0
TRANS COUNTIES SACCO,2014,0,0,0,0,0,0,0,0,0,0,0
TRANS COUNTIES SACCO,2015,0,0,0,0,0,0,0,0,0,0,0
TRANS COUNTIES SACCO,2016,0,0,0,0,0,0,0,0,0,0,0
TRANS COUNTIES SACCO,2017,0,0,0,0,0,0,0,0,0,0,0
TRANS COUNTIES SACCO,2018,0,0,0,0,0,0,0,0,0,0,0
TRANS COUNTIES SACCO,2019,0,0,0,0,0,0,0,0,0,0,0
TRANS COUNTIES SACCO,2020,80999768.0,11304214.0,3322320.0,23022185.0,94715902.0,20354392.0,6683483.0,196334663.0,142919971.0,44827009.0,151507655.0
TRANS COUNTIES SACCO,2021,84096060.0,1153474.0,3460532.0,122972158.0,101006133.0,22976846.0,7653773.0,203152195.0,144513444.0,49711439.0,153440755.0
TRANS COUNTIES SACCO,2022,114000530.0,-9988.0,3460532.0,123584731.0,102709901.0,27792649.0,8454012.0,234164331.0,169508703.0,55317494.0,178846838.0
TRANS COUNTIES SACCO,2023,0,0,0,0,0,0,0,0,0,0,0
TRANS NATIONAL TIMES SACCO,2007,0,0,0,0,0,0,0,0,0,0,0
TRANS NATIONAL TIMES SACCO,2008,0,0,0,0,0,0,0,0,0,0,0
TRANS NATIONAL TIMES SACCO,2009,0,0,0,0,0,0,0,0,0,0,0
TRANS NATIONAL TIMES SACCO,2010,0,0,0,0,0,0,0,0,0,0,0
TRANS NATIONAL TIMES SACCO,2011,0,0,0,0,0,0,0,0,0,0,0
TRANS NATIONAL TIMES SACCO,2012,0,0,0,0,0,0,0,0,0,0,0
TRANS NATIONAL TIMES SACCO,2013,0,0,0,0,0,0,0,0,0,0,0
TRANS NATIONAL TIMES SACCO,2014,0,0,0,0,0,0,0,0,0,0,0
TRANS NATIONAL TIMES SACCO,2015,0,0,0,0,0,0,0,0,0,0,0
TRANS NATIONAL TIMES SACCO,2016,0,0,0,0,0,0,0,0,0,0,0
TRANS NATIONAL TIMES SACCO,2017,0,0,0,0,0,0,0,0,0,0,0
TRANS NATIONAL TIMES SACCO,2018,0,0,0,0,0,0,0,0,0,0,0
TRANS NATIONAL TIMES SACCO,2019,126161088.0,0,218554560.0,905898148.0,854944397.0,94040516.0,36256597.0,1602742627.0,1023936381.0,348494138.0,1263650874.0
TRANS NATIONAL TIMES SACCO,2020,154677987.0,17594228.0,285174658.0,1014523454.0,971785108.0,121120367.0,39514815.0,1922805951.0,1148508668.0,386710824.0,1536095127.0
TRANS NATIONAL TIMES SACCO,2021,165807842.0,0,437931242.0,1040330186.0,997591840.0,148054368.0,37272789.0,2070959237.0,1242000588.0,436927480.0,1634031757.0
TRANS NATIONAL TIMES SACCO,2022,150386392.0,-11728803.0,488614494.0,1.027056145,1066045543.0,153370471.0,48394692.0,2209776677.0,1332497673.0,469055800.0,1740720877.0
TRANS NATIONAL TIMES SACCO,2023,0,0,0,0,0,0,0,0,0,0,0
UNAITAS SACCO,2007,0,0,0,0,0,0,0,0,0,0,0
UNAITAS SACCO,2008,0,0,0,0,0,0,0,0,0,0,0
UNAITAS SACCO,2009,0,0,0,0,0,0,0,0,0,0,0
UNAITAS SACCO,2010,0,0,0,0,0,0,0,0,0,0,0
UNAITAS SACCO,2011,0,0,0,0,0,0,0,0,0,0,0
UNAITAS SACCO,2012,0,0,0,0,0,0,0,0,0,0,0
UNAITAS SACCO,2013,0,0,0,0,0,0,0,0,0,0,0
UNAITAS SACCO,2014,0,0,0,0,0,0,0,0,0,0,0
UNAITAS SACCO,2015,0,0,0,0,0,0,0,0,0,0,0
UNAITAS SACCO,2016,0,0,0,0,0,0,0,0,0,0,0
UNAITAS SACCO,2017,0,0,0,0,0,0,0,0,0,0,0
UNAITAS SACCO,2018,0,0,0,0,0,0,0,0,0,0,0
UNAITAS SACCO,2019,0,0,0,0,0,0,0,0,0,0,0
UNAITAS SACCO,2020,0,0,0,0,0,0,0,0,0,0,0
UNAITAS SACCO,2021,2203568219.0,192668465.0,1263960729.0,14562834447.0,13512468223.0,3855543553.0,825886351.0,18649502315.0,10141285907.0,6159438190.0,12317660219.0
UNAITAS SACCO,2022,2030980459.0,573145980.0,1538902177.0,16358617304.0,15156328326.0,3976823625.0,1034765149.0,20404300695.0,11021355112.0,7202942687.0,13201358010.0
UNAITAS SACCO,2023,0,0,0,0,0,0,0,0,0,0,0
UNITED NATIONS SACCO,2007,0,0,0,0,0,0,0,0,0,0,0
UNITED NATIONS SACCO,2008,0,0,0,0,0,0,0,0,0,0,0
UNITED NATIONS SACCO,2009,0,0,0,0,0,0,0,0,0,0,0
UNITED NATIONS SACCO,2010,0,0,0,0,0,0,0,0,0,0,0
UNITED NATIONS SACCO,2011,0,0,0,0,0,0,0,0,0,0,0
UNITED NATIONS SACCO,2012,0,0,0,0,0,0,0,0,0,0,0
UNITED NATIONS SACCO,2013,0,0,0,0,0,0,0,0,0,0,0
UNITED NATIONS SACCO,2014,0,0,0,0,0,0,0,0,0,0,0
UNITED NATIONS SACCO,2015,0,0,0,0,0,0,0,0,0,0,0
UNITED NATIONS SACCO,2016,0,0,0,0,0,0,0,0,0,0,0
UNITED NATIONS SACCO,2017,0,0,0,0,0,0,0,0,0,0,0
UNITED NATIONS SACCO,2018,3387311998.0,178836162.0,425967642.0,8297125538.0,8320111836.0,888741501.0,376882310.0,12197688843.0,9308242190.0,2013167975.0,10184520867.0
UNITED NATIONS SACCO,2019,3991429849.0,204601235.0,420181668.0,8313754552.0,8414359918.0,937694856.0,417802557.0,12867644756.0,9697740685.0,2156288456.0,10711356299.0
UNITED NATIONS SACCO,2020,5290319261.0,152873456.0,472356221.0,8241685920.0,8419219143.0,985832180.0,456377242.0,14083966198.0,10714387089.0,2348385459.0,11755580939.0
UNITED NATIONS SACCO,2021,5829694681.0,701193835.0,539708642.0,8686477474.0,8851981817.0,1023469537.0,554487703.0,15152783404.0,11437862918.0,2750487568.0,12628306666.0
UNITED NATIONS SACCO,2022,48722817.0,90432545.0,1188020706.0,10034205855.0,10274952287.0,1131426707.0,630255350.0,16702176084.0,12560463291.0,2698494524.0,13951688705.0
UNITED NATIONS SACCO,2023,0,0,0,0,0,0,0,0,0,0,0
VIKTAS SACCO,2007,0,0,0,0,0,0,0,0,0,0,0
VIKTAS SACCO,2008,692551.0,19800.0,69500.0,2617776.0,2617776.0,358000.0,19772.0,3475410.0,2279348.0,439861.0,3035549.0
VIKTAS SACCO,2009,2050924.0,22000.0,149500.0,6440080.0,6440080.0,618000.0,34772.0,8750647.0,5920804.0,736861.0,8013786.0
VIKTAS SACCO,2010,1466652,41916,209500,16654373,16654373,7470000,57751,19015501,8325050,8453756,10178659
VIKTAS SACCO,2011,6631870,123303,219500,26990740,26721318,10188316,211710,35649419,17127596,11856866,23792553
VIKTAS SACCO,2012,8447670.0,325421.0,227500.0,34462859.0,34118230.0,13099989.0,359738.0,48282362.0,29393861.0,15930148.0,32352214.0
VIKTAS SACCO,2013,0,0,0,0,0,0,0,0,0,0,0
VIKTAS SACCO,2014,14001725,-239269,2227686,72135405,70141759,18898149,723646,91290359,62128079,22540772,68749587
VIKTAS SACCO,2015,8376130,1172289,24053206,89845305,87975748,21766249,1319557,127846174,91757805,27501272,98289787
VIKTAS SACCO,2016,36432236,1291493,3532249,110900703,104310394,23368005,1844468,149933787,112200675,31120922,118812864
VIKTAS SACCO,2017,46322972.0,1114773.0,579979.0,121040684.0,112450375.0,25255387.0,2927061.0,169284069.0,121242355.4,46159736.0,131321376.6
VIKTAS SACCO,2018,57724521.0,0,580249.0,139494057.8,139494057.8,29583093.04,6113979.0,213140555.7,138253935.1,45921060.04,167219495.3
VIKTAS SACCO,2019,46245910.85,0,580249.0,194416093.6,183825784.6,31984936.8,5115343.8,252884528.0,175375674.0,50174488.3,202710039.7
VIKTAS SACCO,2020,31495404.03,6941523.0,10580249.0,244870584.7,232294714.7,35996598.31,6691270.0,299996601.6,213250139.3,60637566.17,239359035.4
VIKTAS SACCO,2021,31354985.0,0,10777171.0,305657997.0,291082127.0,41367361.0,8678273.0,360561167.0,251929259.0,73290644.0,287270522.0
VIKTAS SACCO,2022,40136992.0,2901868.0,777172.0,358511202.0,340435332.0,53313338.0,11130433.0,415120522.0,285244427.0,97517528.0,317602994.0
VIKTAS SACCO,2023,0,0,0,0,0,0,0,0,0,0,0
VISION AFRICA SACCO,2007,0,0,0,0,0,0,0,0,0,0,0
VISION AFRICA SACCO,2008,0,0,0,0,0,0,0,0,0,0,0
VISION AFRICA SACCO,2009,0,0,0,0,0,0,0,0,0,0,0
VISION AFRICA SACCO,2010,19363224,3541956,472260,112905266,112905266,10494697,531274,151015729,128604214,15259572,135756157
VISION AFRICA SACCO,2011,0,0,0,0,0,0,0,0,0,0,0
VISION AFRICA SACCO,2012,0,0,0,0,0,0,0,0,0,0,0
VISION AFRICA SACCO,2013,0,0,0,0,0,0,0,0,0,0,0
VISION AFRICA SACCO,2014,0,0,0,0,0,0,0,0,0,0,0
VISION AFRICA SACCO,2015,0,0,0,0,0,0,0,0,0,0,0
VISION AFRICA SACCO,2016,0,0,0,0,0,0,0,0,0,0,0
VISION AFRICA SACCO,2017,0,0,0,0,0,0,0,0,0,0,0
VISION AFRICA SACCO,2018,0,0,0,0,0,0,0,0,0,0,0
VISION AFRICA SACCO,2019,0,0,0,0,0,0,0,0,0,0,0
VISION AFRICA SACCO,2020,41042857.0,5045847.0,293021.0,371165321.0,361847211.0,59790352.0,7521643.0,425369462.0,298782622.0,92148514.0,333220948.0
VISION AFRICA SACCO,2021,44208443.0,6744859.0,293021.0,478267747.0,459812005.0,69488716.0,11356525.0,531818874.0,381429144.0,112643919.0,419174954.0
VISION AFRICA SACCO,2022,40162115.0,6190710.0,351266.0,596874250.0,578065237.0,91472479.0,15456152.0,665977217.0,446531872.0,144918019.0,521059197.0
VISION AFRICA SACCO,2023,0,0,0,0,0,0,0,0,0,0,0
VISION POINT SACCO,2007,0,0,0,0,0,0,0,0,0,0,0
VISION POINT SACCO,2008,0,0,0,0,0,0,0,0,0,0,0
VISION POINT SACCO,2009,0,0,0,0,0,0,0,0,0,0,0
VISION POINT SACCO,2010,0,0,0,0,0,0,0,0,0,0,0
VISION POINT SACCO,2011,0,0,0,0,0,0,0,0,0,0,0
VISION POINT SACCO,2012,0,0,0,0,0,0,0,0,0,0,0
VISION POINT SACCO,2013,0,0,0,0,0,0,0,0,0,0, 
VISION POINT SACCO,2014,0,0,0,0,0,0,0,0,0,0,0
VISION POINT SACCO,2015,0,0,0,0,0,0,0,0,0,0,0
VISION POINT SACCO,2016,0,0,0,0,0,0,0,0,0,0,0
VISION POINT SACCO,2017,0,0,0,0,0,0,0,0,0,0,0
VISION POINT SACCO,2018,0,0,0,0,0,0,0,0,0,0,0
VISION POINT SACCO,2019,0,0,0,0,0,0,0,0,0,0,0
VISION POINT SACCO,2020,0,0,0,256873835.0,227759283.0,0,17773272.0,525124860.0,416628664.0,0,29901243.0
VISION POINT SACCO,2021,0,0,6293778.0,338459421.0,308794869.0,0,20157669.0,557062797.0,397433523.0,0,43636047.0
VISION POINT SACCO,2022,0,0,26606944.0,341151981.0,310887429.0,0,23292669.0,598754520.0,419859304.0,0,41334456.0
VISION POINT SACCO,2023,0,0,0,0,0,0,0,0,0,0,0
WAKULIMA COMMERCIAL SACCO,2007,0,0,0,0,0,0,0,0,0,0,0
WAKULIMA COMMERCIAL SACCO,2008,0,0,0,0,0,0,0,0,0,0,0
WAKULIMA COMMERCIAL SACCO,2009,0,0,0,0,0,0,0,0,0,0,0
WAKULIMA COMMERCIAL SACCO,2010,0,0,0,0,0,0,0,0,0,0,0
WAKULIMA COMMERCIAL SACCO,2011,0,0,0,0,0,0,0,0,0,0,0
WAKULIMA COMMERCIAL SACCO,2012,0,0,0,0,0,0,0,0,0,0,0
WAKULIMA COMMERCIAL SACCO,2013,21760113,#REF!,17863697,320539200,312933438,0,6343633,409574162,296319708,0,26338982
WAKULIMA COMMERCIAL SACCO,2014,47930722,#REF!,44310422,301762103,291789680,0,7743437,424339220,326128476,0,26646429
WAKULIMA COMMERCIAL SACCO,2015,64879933.08,#REF!,44310422.19,309603490.2,299631067.1,0,6343633,463518894,363910285.4,0,4642444.88
WAKULIMA COMMERCIAL SACCO,2016,49119809.19,#REF!,39760613.2,319615567.5,309643144.4,0,7743437,456370932.6,352811563.7,0,27506533.77
WAKULIMA COMMERCIAL SACCO,2017,36488011.02,#REF!,39760613.2,320612193.3,310639770.2,0,7743437,436833618.5,346819826,0,4912342.24
WAKULIMA COMMERCIAL SACCO,2018,86995878.0,15782698.0,4228555.0,478678153.0,467465209.0,0,18296335.0,590186392.0,433315333.0,0,58156529.0
WAKULIMA COMMERCIAL SACCO,2019,44641958.0,13984730.0,58311419.0,546147164.0,529295686.0,0,21093281.0,659596375.0,486824375.0,0,64570649.0
WAKULIMA COMMERCIAL SACCO,2020,115558634.0,7939035.0,4228556.0,613873373.0,589610625.0,0,22681088.0,728596193.7,539970780.0,0,72931396.0
WAKULIMA COMMERCIAL SACCO,2021,41254198.0,18053689.73,40298938.0,659335537.0,599303500.0,0,27833604.0,710567919.8,511772825.0,0,47632633.17
WAKULIMA COMMERCIAL SACCO,2022,50760419.0,19483355.21,112289893.0,721543394.0,636581443.0,0,31730275.04,835259790.5,607530409.0,0,55210218.0
WAKULIMA COMMERCIAL SACCO,2023,0,0,0,0,0,0,0,0,0,0,0
WANAANGA SACCO,2007,0,0,0,0,0,0,0,0,0,0,0
WANAANGA SACCO,2008,0,0,0,0,0,0,0,0,0,0,0
WANAANGA SACCO,2009,0,0,0,0,0,0,0,0,0,0,0
WANAANGA SACCO,2010,0,0,0,0,0,0,0,0,0,0,0
WANAANGA SACCO,2011,0,0,0,0,0,0,0,0,0,0,0
WANAANGA SACCO,2012,0,0,0,0,0,0,0,0,0,0,0
WANAANGA SACCO,2013,21760113,#REF!,17863697,320539200,312933438,0,6343633,409574162,296319708,0,26338982
WANAANGA SACCO,2014,47930722,#REF!,44310422,301762103,291789680,0,7743437,424339220,326128476,0,26646429
WANAANGA SACCO,2015,64879933.08,#REF!,44310422.19,309603490.2,299631067.1,0,6343633,463518894,363910285.4,0,4642444.88
WANAANGA SACCO,2016,49119809.19,#REF!,39760613.2,319615567.5,309643144.4,0,7743437,456370932.6,352811563.7,0,27506533.77
WANAANGA SACCO,2017,36488011.02,#REF!,39760613.2,320612193.3,310639770.2,0,7743437,436833618.5,346819826,0,4912342.24
WANAANGA SACCO,2018,86995878.0,15782698.0,4228555.0,478678153.0,467465209.0,0,18296335.0,590186392.0,433315333.0,0,58156529.0
WANAANGA SACCO,2019,44641958.0,13984730.0,58311419.0,546147164.0,529295686.0,0,21093281.0,659596375.0,486824375.0,0,64570649.0
WANAANGA SACCO,2020,115558634.0,7939035.0,4228556.0,613873373.0,589610625.0,0,22681088.0,728596193.7,539970780.0,0,72931396.0
WANAANGA SACCO,2021,55054627.0,15356017.0,18093594.0,978183933.0,931220535.0,0,46724597.0,1319265450.0,1052689060.0,0,42872796.0
WANAANGA SACCO,2022,198920739.0,16375524.0,18093594.0,960123790.0,910159860.0,0,49999702.0,1271749497.0,1002277480.0,0,43005630.0
WANAANGA SACCO,2023,0,0,0,0,0,0,0,0,0,0,0
WANANCHI SACCO,2007,0,0,0,0,0,0,0,0,0,0,0
WANANCHI SACCO,2008,0,0,0,0,0,0,0,0,0,0,0
WANANCHI SACCO,2009,0,0,0,0,0,0,0,0,0,0,0
WANANCHI SACCO,2010,0,0,472260.0,112905266.0,112905266.0,0,531274.0,151015729.0,128604214.0,0,0
WANANCHI SACCO,2011,0,0,0,0,0,0,0,0,0,0,0
WANANCHI SACCO,2012,0,0,0,0,0,0,0,0,0,0,0
WANANCHI SACCO,2013,0,0,0,0,0,0,0,0,0,0,0
WANANCHI SACCO,2014,0,0,0,0,0,0,0,0,0,0,0
WANANCHI SACCO,2015,0,0,0,0,0,0,0,0,0,0,0
WANANCHI SACCO,2016,0,0,0,0,0,0,0,0,0,0,0
WANANCHI SACCO,2017,0,0,45486921,832525078,685110959,0,31870722,###########,852237862,0,0
WANANCHI SACCO,2018,0,0,45686922.0,791540870.0,627967516.0,0,36636128.0,1274664305.0,931336191.0,0,0
WANANCHI SACCO,2019,0,0,252130090.0,816869727.0,653020530.0,0,41373612.0,1292476096.0,908933229.0,0,0
WANANCHI SACCO,2020,0,0,431167742.0,810945319.0,635195558.0,0,46927876.0,1367873753.0,946509324.0,0,0
WANANCHI SACCO,2021,0,0,54537561.0,758041891.0,571668726.0,0,50780140.0,1384915572.0,929406148.0,0,0
WANANCHI SACCO,2022,0,0,41801832.0,812162376.0,598486828.0,0,55580570.0,1380976781.0,935024252.0,0,0
WANANCHI SACCO,2023,0,0,0,0,0,0,0,0,0,0,0
WANANDEGE SACCO,2007,0,0,0,0,0,0,0,0,0,0,0
WANANDEGE SACCO,2008,0,0,0,0,0,0,0,0,0,0,0
WANANDEGE SACCO,2009,0,0,0,0,0,0,0,0,0,0,0
WANANDEGE SACCO,2010,0,0,0,0,0,0,0,0,0,0,0
WANANDEGE SACCO,2011,0,0,0,0,0,0,0,0,0,0,0
WANANDEGE SACCO,2012,0,0,0,0,0,0,0,0,0,0,0
WANANDEGE SACCO,2013,0,0,0,0,0,0,0,0,0,0, 
WANANDEGE SACCO,2014,0,0,0,0,0,0,0,0,0,0,0
WANANDEGE SACCO,2015,0,0,0,0,0,0,0,0,0,0,0
WANANDEGE SACCO,2016,0,0,0,0,0,0,0,0,0,0,0
WANANDEGE SACCO,2017,0,0,0,0,0,0,0,0,0,0,0
WANANDEGE SACCO,2018,0,0,0,0,0,0,0,0,0,0,0
WANANDEGE SACCO,2019,0,0,4126000.0,1044903918.0,967443324.0,0,40570078.0,1519749190.0,1189408124.0,2063000.0,74433988.0
WANANDEGE SACCO,2020,0,0,13349540.0,959859812.0,872435102.0,0,42382692.0,1380239792.0,1098300749.0,0,10628404.0
WANANDEGE SACCO,2021,0,0,4126000.0,1030506840.0,989824971.0,0,45379511.0,1404360517.0,1050320983.0,2063000.0,66108374.0
WANANDEGE SACCO,2022,0,0,19928580.0,1250763646.0,1208077075.0,0,55432240.0,1659281653.0,1222559373.0,9964290.0,96872387.0
WANANDEGE SACCO,2023,0,0,0,0,0,0,0,0,0,0,0
WINAS SACCO,2007,0,0,0,0,0,0,0,0,0,0,0
WINAS SACCO,2008,0,0,0,0,0,0,0,0,0,0,0
WINAS SACCO,2009,0,0,0,0,0,0,0,0,0,0,0
WINAS SACCO,2010,0,0,0,0,0,0,0,0,0,0,0
WINAS SACCO,2011,0,0,0,0,0,0,0,0,0,0,0
WINAS SACCO,2012,0,0,0,0,0,0,0,0,0,0,0
WINAS SACCO,2013,0,0,0,0,0,0,0,0,0,0, 
WINAS SACCO,2014,0,0,0,0,0,0,0,0,0,0,0
WINAS SACCO,2015,0,0,0,0,0,0,0,0,0,0,0
WINAS SACCO,2016,0,0,0,0,0,0,0,0,0,0,0
WINAS SACCO,2017,0,0,0,0,0,0,0,0,0,0,0
WINAS SACCO,2018,0,0,0,0,0,0,0,0,0,0,0
WINAS SACCO,2019,0,0,0,0,0,0,0,0,0,0,0
WINAS SACCO,2020,0,0,0,0,0,0,0,0,0,0,0
WINAS SACCO,2021,0,0,0,0,0,0,0,0,0,0,0
WINAS SACCO,2022,0,0,92368296.0,9734915300.0,8571140428.0,0,480787154.0,9790508652.0,5774547349.0,0,0
WINAS SACCO,2023,0,0,0,0,0,0,0,0,0,0,0
YETU SACCO,2007,0,0,0,0,0,0,0,0,0,0,0
YETU SACCO,2008,0,0,0,0,0,0,0,0,0,0,0
YETU SACCO,2009,0,0,0,0,0,0,0,0,0,0,0
YETU SACCO,2010,169242912.0,0,14091580.0,502161933.0,502161933.0,127388080.0,22297880.0,886952707.0,559229530.0,203039553.0,683913154.0
YETU SACCO,2011,257607037,34656777,15191580,701336906,701336906,133080651,31912074,1185246560,745419886,254553782,930692778
YETU SACCO,2012,266034639.0,61691910.0,15191580.0,866580456.0,842727981.0,33482558.0,48489144.0,1235320891.0,881752998.0,236925035.0,998395856.0
YETU SACCO,2013,396472718,66244204,15985700,1050502640,1018650165,42200680,66444985,1560105754,1074107086,333973009,1226132745
YETU SACCO,2014,407827391,71920538,26085700,1169889815,1128533399,42265385,86652629,1699301395,1097902733,426691936,1272609459
YETU SACCO,2015,624424540,64817613,27282077,1260039501,1189398328,44365021,103145013,1995648187,1301662001,510101546,1485546640
YETU SACCO,2016,420746946,37877945,411782430,1490839582,1390743016,49648475,126132045,2415328924,1561654213,625483957,1789844967
YETU SACCO,2017,522599346,20516294,583025081,1720827246,1586230680,113780340,148036060,2882475144,1816103673,787260008,2095215135
YETU SACCO,2018,0,0,0,0,0,0,0,0,0,0,0
YETU SACCO,2019,1066133866.0,35832655.0,38417035.0,2700721660.0,2368943638.0,133906127.0,180400622.0,3701572851.0,2347338824.0,971414198.0,2730158655.0
YETU SACCO,2020,1226316816.0,140005077.0,108417035.0,2983656626.0,2610778604.0,145787006.0,215052536.0,4189144224.0,2600095208.0,1156288715.0,3032855509.0
YETU SACCO,2021,1322752340.0,120078529.0,116417035.0,3379491104.0,2997613082.0,158920399.0,251963835.0,4707277148.0,2849515045.0,1334866646.0,3354982044.0
YETU SACCO,2022,1502271759.0,63127954.0,137404140.0,3748213331.0,3312272534.0,186082159.0,268521578.0,5367548160.0,3238451047.0,1516411301.0,3851136859.0
YETU SACCO,2023,0,0,0,0,0,0,0,0,0,0,0
